card,group,scene,policy,upgraded,mode,control,n,before_valid,after_valid,before_dwin_pp,after_dwin_pp,after_ci95_lo_pp,after_ci95_hi_pp,before_dhp,after_dhp,before_dturns,after_dturns,before_plays,after_plays,before_ready_plays,after_ready_plays,after_seen_turns,after_playable_turns,after_empty_plays,after_unused_qi,before_aborts,after_aborts,final_source
wanren,primary,starter-single-group,greedy,0,add1,skip,300,True,True,0,0,-1.647,1.647,2.11,4.07667,-0.7,-0.91333,445,424,0,0,424,424,0,0,0,0,after-wanren
wanren,primary,starter-single-group,greedy,0,add2,skip,300,True,True,0,0,-1.647,1.647,2.79667,6.07333,-0.85333,-1.17667,595,530,0,0,667,667,0,0,0,0,after-wanren
wanren,primary,starter-single-group,greedy,0,replace,shuiyanqijun,300,True,True,0,0,-1.647,1.647,1.15333,3.12,-0.42667,-0.64,445,424,0,0,424,424,0,0,0,0,after-wanren
wanren,primary,starter-single-group,greedy,1,add1,skip,300,True,True,0,0,-1.647,1.647,4.07667,6.27667,-0.91333,-1.18,424,391,0,0,391,391,0,0,0,0,after-wanren
wanren,primary,starter-single-group,greedy,1,add2,skip,300,True,True,0,0,-1.647,1.647,6.07333,8.70667,-1.17667,-1.47333,530,474,0,0,601,601,0,0,0,0,after-wanren
wanren,primary,starter-single-group,greedy,1,replace,shuiyanqijun,300,True,True,0,0,-1.647,1.647,-0.86667,1.33333,0.06333,-0.20333,424,391,0,0,391,391,0,0,0,0,after-wanren
wanren,primary,starter-single-group,tactical,0,add1,skip,300,True,True,0,0,-1.647,1.647,0.65333,1.72,-1.22,-1.70667,378,456,0,0,474,474,0,0,0,0,after-wanren
wanren,primary,starter-single-group,tactical,0,add2,skip,300,True,True,0,0,-1.647,1.647,0.43333,2.09667,-1.64,-2.11,500,561,0,0,721,721,0,0,0,0,after-wanren
wanren,primary,starter-single-group,tactical,0,replace,shuiyanqijun,300,True,True,0,0,-1.647,1.647,-1.09333,-0.02667,0.5,0.01333,378,456,0,0,474,474,0,0,0,0,after-wanren
wanren,primary,starter-single-group,tactical,1,add1,skip,300,True,True,0,0,-1.647,1.647,1.72,3.26333,-1.70667,-2.05333,456,434,0,0,450,450,0,0,0,0,after-wanren
wanren,primary,starter-single-group,tactical,1,add2,skip,300,True,True,0,0,-1.647,1.647,2.09667,4.09667,-2.11,-2.46667,561,483,0,0,640,640,0,0,0,0,after-wanren
wanren,primary,starter-single-group,tactical,1,replace,shuiyanqijun,300,True,True,0,0,-1.647,1.647,-1.58667,-0.04333,0.34333,-0.00333,456,434,0,0,450,450,0,0,0,0,after-wanren
wanren,primary,act1-bosses,greedy,0,add1,skip,300,True,True,-17.6667,-4.0,-13.7587,5.8905,-3.56,0.31,-0.26667,-0.53667,726,704,0,0,862,740,0,0,0,0,after-wanren
wanren,primary,act1-bosses,greedy,0,add2,skip,300,True,True,-24.0,-7.3333,-16.523,2.0979,-5.82333,-1.17333,-0.35,-0.79667,1134,1080,0,0,1478,1253,0,0,0,0,after-wanren
wanren,primary,act1-bosses,greedy,0,replace,shuiyanqijun,300,True,True,-14.6667,-1.0,-8.9562,6.9891,-2.62667,1.23667,-0.05,-0.29667,726,704,0,0,862,740,0,0,0,0,after-wanren
wanren,primary,act1-bosses,greedy,1,add1,skip,300,True,True,-3.0,9.6667,0.4758,18.5391,0.38,4.46333,-0.52333,-0.81333,706,689,0,0,825,712,0,0,0,0,after-wanren
wanren,primary,act1-bosses,greedy,1,add2,skip,300,True,True,-5.6667,11.6667,2.7045,20.2446,-0.85667,5.68333,-0.78667,-1.21,1085,1045,0,0,1402,1212,0,0,0,0,after-wanren
wanren,primary,act1-bosses,greedy,1,replace,shuiyanqijun,300,True,True,-10.3333,3.3333,-2.6016,9.1585,-2.56667,1.52667,0.15,-0.12667,706,689,0,0,825,712,0,0,0,0,after-wanren
wanren,primary,act1-bosses,tactical,0,add1,skip,300,True,True,-5.0,0.6667,-6.3126,7.624,-2.36333,-0.19667,-0.14,-0.57,394,672,0,0,1086,998,0,6,0,0,after-wanren
wanren,primary,act1-bosses,tactical,0,add2,skip,300,True,True,-7.0,1.3333,-5.3811,8.0039,-5.82333,-2.13,-0.51333,-1.13667,637,1022,0,0,1803,1665,0,20,0,0,after-wanren
wanren,primary,act1-bosses,tactical,0,replace,shuiyanqijun,300,True,True,-3.6667,1.6667,-3.4909,6.7693,-1.88,0.38667,0.44,-0.02333,394,672,0,0,1086,998,0,6,0,0,after-wanren
wanren,primary,act1-bosses,tactical,1,add1,skip,300,True,True,0,6.6667,0.2222,12.8915,0.05667,3.98333,-0.59333,-1.34,655,800,0,0,1044,962,0,13,0,0,after-wanren
wanren,primary,act1-bosses,tactical,1,add2,skip,300,True,True,1.0,7.6667,1.7273,13.3535,-1.92333,4.47,-1.19,-2.10667,1010,1115,0,0,1626,1489,0,16,0,0,after-wanren
wanren,primary,act1-bosses,tactical,1,replace,shuiyanqijun,300,True,True,-7.3333,-0.6667,-3.2692,1.9578,-4.03667,0.16333,0.73,-0.06333,655,800,0,0,1044,962,0,13,0,0,after-wanren
wanren,primary,anger-summon,greedy,0,add1,skip,300,True,True,0,0,-1.647,1.647,-1.04333,1.53667,-0.16667,-0.48667,431,406,0,0,471,427,0,0,0,0,after-wanren
wanren,primary,anger-summon,greedy,0,add2,skip,300,True,True,-1.0,0,-1.647,1.647,-3.39,1.97333,-0.23333,-0.71333,683,615,0,0,800,720,0,0,0,0,after-wanren
wanren,primary,anger-summon,greedy,0,replace,shuiyanqijun,300,True,True,0,0,-1.647,1.647,-1.23,1.57333,0.00667,-0.33333,431,406,0,0,471,427,0,0,0,0,after-wanren
wanren,primary,anger-summon,greedy,1,add1,skip,300,True,True,0,0,-1.647,1.647,1.90667,4.58,-0.51,-0.77333,406,392,0,0,449,405,0,0,0,0,after-wanren
wanren,primary,anger-summon,greedy,1,add2,skip,300,True,True,0,0,-1.647,1.647,2.13,6.59,-0.72667,-1.20333,617,558,0,0,712,640,0,0,0,0,after-wanren
wanren,primary,anger-summon,greedy,1,replace,shuiyanqijun,300,True,True,0.3333,0.3333,-1.5986,2.2543,-0.77,1.94667,0.05,-0.23,406,392,0,0,449,405,0,0,0,0,after-wanren
wanren,primary,anger-summon,tactical,0,add1,skip,300,True,True,0.3333,0.3333,-1.5986,2.2543,-1.55667,-0.25667,-0.46333,-0.77333,314,420,0,0,540,525,0,3,0,0,after-wanren
wanren,primary,anger-summon,tactical,0,add2,skip,300,True,True,0.3333,0.3333,-1.5986,2.2543,-3.18333,-0.40333,-0.47333,-1.08667,535,596,0,0,840,814,0,7,0,0,after-wanren
wanren,primary,anger-summon,tactical,0,replace,shuiyanqijun,300,True,True,0,0,-1.647,1.647,-0.96667,0.2,0.28667,-0.04,314,420,0,0,540,525,0,3,0,0,after-wanren
wanren,primary,anger-summon,tactical,1,add1,skip,300,True,True,0.3333,0.3333,-1.5986,2.2543,-0.31333,1.53,-0.79667,-1.15333,414,435,0,0,499,490,0,3,0,0,after-wanren
wanren,primary,anger-summon,tactical,1,add2,skip,300,True,True,0.3333,0.3333,-1.5986,2.2543,-0.16667,2.40667,-1.11667,-1.63667,589,574,0,0,742,721,0,7,0,0,after-wanren
wanren,primary,anger-summon,tactical,1,replace,shuiyanqijun,300,True,True,0,0,-1.647,1.647,-1.60667,0.27333,0.39333,-0.00333,414,435,0,0,499,490,0,3,0,0,after-wanren
wanren,primary,new-account,greedy,0,add1,skip,300,True,True,-7.0,-2.0,-7.7264,3.7923,-0.78667,0.81333,-0.21,-0.34333,426,409,0,0,478,435,0,0,0,0,after-wanren
wanren,primary,new-account,greedy,0,add2,skip,300,True,True,-13.0,-5.0,-11.1218,1.2865,-1.52333,0.58,-0.46667,-0.65333,627,598,0,0,785,735,0,0,0,0,after-wanren
wanren,primary,new-account,greedy,0,replace,yanqiyansha,300,True,True,-6.6667,-1.6667,-6.7693,3.4909,-2.15667,-0.30667,0.06667,-0.08,426,409,0,0,478,435,0,0,0,0,after-wanren
wanren,primary,new-account,greedy,1,add1,skip,300,True,True,-1.0,0,-5.4383,5.4383,1.24,2.64667,-0.35333,-0.53333,411,398,0,0,458,416,0,0,0,0,after-wanren
wanren,primary,new-account,greedy,1,add2,skip,300,True,True,-4.0,-0.6667,-6.0903,4.7789,1.05,3.68,-0.67333,-0.91333,598,582,0,0,746,701,0,0,0,0,after-wanren
wanren,primary,new-account,greedy,1,replace,yanqiyansha,300,True,True,-3.0,-1.3333,-5.7029,3.0802,-1.41333,0.31333,0.11,-0.07667,411,398,0,0,458,416,0,0,0,0,after-wanren
wanren,primary,new-account,tactical,0,add1,skip,300,True,True,-0.6667,0.6667,-1.9578,3.2692,-2.08333,-0.65333,-0.31,-0.52,244,356,0,0,508,495,0,1,0,0,after-wanren
wanren,primary,new-account,tactical,0,add2,skip,300,True,True,-1.3333,0,-3.0212,3.0212,-2.44,-0.64667,-0.44333,-0.79,385,549,0,0,837,823,0,1,0,0,after-wanren
wanren,primary,new-account,tactical,0,replace,yanqiyansha,300,True,True,-1.3333,-0.3333,-2.754,2.0983,-3.08,-1.68333,0.06333,-0.14,244,356,0,0,508,495,0,1,0,0,after-wanren
wanren,primary,new-account,tactical,1,add1,skip,300,True,True,0.3333,0.6667,-1.9578,3.2692,-0.84333,0.54333,-0.54,-0.75,348,407,0,0,498,488,0,2,0,0,after-wanren
wanren,primary,new-account,tactical,1,add2,skip,300,True,True,-1.0,1.0,-1.7955,3.7625,-1.06333,1.60667,-0.81333,-1.16667,536,583,0,0,770,758,0,1,0,0,after-wanren
wanren,primary,new-account,tactical,1,replace,yanqiyansha,300,True,True,-0.6667,-0.6667,-2.8024,1.4911,-3.88667,-2.55667,0.13667,-0.09,348,407,0,0,498,488,0,2,0,0,after-wanren
wanren,primary,strength,greedy,0,add1,skip,300,True,True,-0.3333,3.0,-0.9025,6.8037,-4.49333,-1.02,0.13667,-0.14333,469,449,0,0,466,449,0,0,0,0,after-wanren
wanren,primary,strength,greedy,0,add2,skip,300,True,True,-4.6667,1.3333,-3.3089,5.9316,-6.76,-1.48667,0.04,-0.37,780,726,0,0,850,832,0,0,0,0,after-wanren
wanren,primary,strength,greedy,0,replace,shuiyanqijun,300,True,True,-3.0,0.3333,-2.0983,2.754,-2.72333,0.75,0.11667,-0.16333,469,449,0,0,466,449,0,0,0,0,after-wanren
wanren,primary,strength,greedy,1,add1,skip,300,True,True,3.0,3.3333,-0.3543,6.9112,-1.02,2.24,-0.14333,-0.46,449,429,0,0,447,429,0,0,0,0,after-wanren
wanren,primary,strength,greedy,1,add2,skip,300,True,True,1.3333,3.6667,-0.1231,7.3357,-1.48667,3.90333,-0.37,-0.82667,726,667,0,0,784,767,0,0,0,0,after-wanren
wanren,primary,strength,greedy,1,replace,shuiyanqijun,300,True,True,-0.3333,0,-2.2058,2.2058,-2.06333,1.19667,0.23,-0.08667,449,429,0,0,447,429,0,0,0,0,after-wanren
wanren,primary,strength,tactical,0,add1,skip,300,True,True,0,0,-1.647,1.647,-1.28667,-0.29667,-0.04333,-0.25,253,317,0,0,439,432,0,3,0,0,after-wanren
wanren,primary,strength,tactical,0,add2,skip,300,True,True,0,0,-1.647,1.647,-2.73,-1.41,-0.00333,-0.38667,440,532,0,0,818,813,0,3,0,0,after-wanren
wanren,primary,strength,tactical,0,replace,shuiyanqijun,300,True,True,0,0,-1.647,1.647,-0.96333,0.02667,0.22333,0.01667,253,317,0,0,439,432,0,3,0,0,after-wanren
wanren,primary,strength,tactical,1,add1,skip,300,True,True,0,0,-1.647,1.647,-0.29667,0.27,-0.25,-0.44,317,369,0,0,426,422,0,3,0,0,after-wanren
wanren,primary,strength,tactical,1,add2,skip,300,True,True,0,0,-1.647,1.647,-1.41,1.41333,-0.38667,-0.74,532,575,0,0,754,748,0,3,0,0,after-wanren
wanren,primary,strength,tactical,1,replace,shuiyanqijun,300,True,True,0,0,-1.647,1.647,-0.88,-0.31333,0.22333,0.03333,317,369,0,0,426,422,0,3,0,0,after-wanren
wanren,primary,act3-4qi,greedy,0,add1,skip,300,True,True,0,1.0,-4.7117,6.6787,-1.97333,-1.56,-0.09,-0.16333,399,397,0,0,469,406,0,11,0,0,after-wanren
wanren,primary,act3-4qi,greedy,0,add2,skip,300,True,True,-2.6667,0,-5.7872,5.7872,-4.38,-3.09667,-0.19,-0.39,657,638,0,0,783,660,0,23,0,0,after-wanren
wanren,primary,act3-4qi,greedy,0,replace,shuiyanqijun,300,True,True,-0.3333,1.0,-1.3506,3.3177,-0.98,-0.38,0.09667,0.00333,399,397,0,0,469,406,0,11,0,0,after-wanren
wanren,primary,act3-4qi,greedy,1,add1,skip,300,True,True,1.3333,1.6667,-3.8667,7.1451,-1.23,-0.58,-0.18333,-0.30333,398,397,0,0,463,399,0,12,0,0,after-wanren
wanren,primary,act3-4qi,greedy,1,add2,skip,300,True,True,-0.6667,2.3333,-3.0033,7.5931,-3.19,-2.05333,-0.38,-0.58,642,634,0,0,769,648,0,18,0,0,after-wanren
wanren,primary,act3-4qi,greedy,1,replace,shuiyanqijun,300,True,True,1.0,1.3333,-1.1882,3.811,-0.81,0.13333,0.16,0.00333,398,397,0,0,463,399,0,12,0,0,after-wanren
wanren,primary,act3-4qi,tactical,0,add1,skip,300,True,True,1.0,1.0,-1.3506,3.3177,-1.13,-0.90333,-0.18,-0.27667,270,335,0,0,419,402,0,24,0,0,after-wanren
wanren,primary,act3-4qi,tactical,0,add2,skip,300,True,True,0,0.6667,-1.9578,3.2692,-2.87333,-2.07333,-0.12,-0.32333,521,558,0,0,692,673,0,35,0,0,after-wanren
wanren,primary,act3-4qi,tactical,0,replace,shuiyanqijun,300,True,True,0,0,-1.647,1.647,-0.15667,-0.21333,0.09333,-0.03,270,335,0,0,419,402,0,24,0,0,after-wanren
wanren,primary,act3-4qi,tactical,1,add1,skip,300,True,True,1.0,1.0,-1.3506,3.3177,-1.26333,-0.13333,-0.30667,-0.36333,325,353,0,0,415,397,0,30,0,0,after-wanren
wanren,primary,act3-4qi,tactical,1,add2,skip,300,True,True,0.6667,0.6667,-1.9578,3.2692,-1.92,-2.11333,-0.34333,-0.50333,547,591,0,0,674,663,0,37,0,0,after-wanren
wanren,primary,act3-4qi,tactical,1,replace,shuiyanqijun,300,True,True,0,0,-1.647,1.647,-0.83,0.28333,0.16333,0.06333,325,353,0,0,415,397,0,30,0,0,after-wanren
hengsaoqianjun,primary,starter-single-group,greedy,0,add1,skip,300,True,True,0,0,-1.647,1.647,-1.37667,0.26333,0.07667,-0.26667,344,476,0,0,509,476,0,0,0,0,lowhp-hengsao
hengsaoqianjun,primary,starter-single-group,greedy,0,add2,skip,300,True,True,0,0,-1.647,1.647,-1.87667,-0.27,0.02333,-0.42,541,687,0,0,877,836,0,0,0,0,lowhp-hengsao
hengsaoqianjun,primary,starter-single-group,greedy,0,replace,changshanzhaozilong,300,True,True,0,0,-1.647,1.647,-2.36,-0.72,0.46333,0.12,344,476,0,0,509,476,0,0,0,0,lowhp-hengsao
hengsaoqianjun,primary,starter-single-group,greedy,1,add1,skip,300,True,True,0,0,-1.647,1.647,-0.49,2.44,-0.16667,-0.62,489,445,0,0,476,445,0,0,0,0,lowhp-hengsao
hengsaoqianjun,primary,starter-single-group,greedy,1,add2,skip,300,True,True,0,0,-1.647,1.647,-0.99,3.59333,-0.3,-0.91,711,590,0,0,764,727,0,0,0,0,lowhp-hengsao
hengsaoqianjun,primary,starter-single-group,greedy,1,replace,changshanzhaozilong,300,True,True,0,0,-1.647,1.647,-3.47,-0.54,0.56667,0.11333,489,445,0,0,476,445,0,0,0,0,lowhp-hengsao
hengsaoqianjun,primary,starter-single-group,tactical,0,add1,skip,300,True,True,0,0,-1.647,1.647,-1.43667,-0.34,-0.45333,-0.8,265,333,61,28,468,468,0,1,0,0,lowhp-hengsao
hengsaoqianjun,primary,starter-single-group,tactical,0,add2,skip,300,True,True,0,0,-1.647,1.647,-2.23,-0.38,-0.62,-1.11,423,467,107,53,771,771,0,3,0,0,lowhp-hengsao
hengsaoqianjun,primary,starter-single-group,tactical,0,replace,changshanzhaozilong,300,True,True,0,0,-1.647,1.647,-1.49333,-0.39667,0.42,0.07333,265,333,61,28,468,468,0,1,0,0,lowhp-hengsao
hengsaoqianjun,primary,starter-single-group,tactical,1,add1,skip,300,True,True,0,0,-1.647,1.647,-0.71,0.35,-0.74333,-1.04667,316,386,60,50,454,454,0,1,0,0,lowhp-hengsao
hengsaoqianjun,primary,starter-single-group,tactical,1,add2,skip,300,True,True,0,0,-1.647,1.647,-0.96,0.69,-1.03667,-1.41333,462,483,105,52,701,699,0,3,0,0,lowhp-hengsao
hengsaoqianjun,primary,starter-single-group,tactical,1,replace,changshanzhaozilong,300,True,True,0,0,-1.647,1.647,-1.51,-0.45,0.32667,0.02333,316,386,60,50,454,454,0,1,0,0,lowhp-hengsao
hengsaoqianjun,primary,act1-bosses,greedy,0,add1,skip,300,True,True,-18.0,-13.3333,-22.6258,-3.6017,-3.08,-2.30667,-0.34667,-0.4,494,676,16,2,836,726,0,2,0,0,lowhp-hengsao
hengsaoqianjun,primary,act1-bosses,greedy,0,add2,skip,300,True,True,-25.0,-21.6667,-30.291,-12.3286,-4.45667,-3.83333,-0.57667,-0.74333,795,1069,15,4,1424,1248,0,2,0,0,lowhp-hengsao
hengsaoqianjun,primary,act1-bosses,greedy,0,replace,changshanzhaozilong,300,True,True,-6.0,-4.6667,-8.8891,-0.2905,-1.15333,-0.61,0.11,0.03,494,676,16,2,836,726,0,2,0,0,lowhp-hengsao
hengsaoqianjun,primary,act1-bosses,greedy,1,add1,skip,300,True,True,-18.0,-4.0,-13.7587,5.8905,-2.78667,-1.02333,-0.42667,-0.47333,650,687,4,2,834,719,0,2,0,0,lowhp-hengsao
hengsaoqianjun,primary,act1-bosses,greedy,1,add2,skip,300,True,True,-23.3333,-5.0,-14.3151,4.4798,-4.36,-1.8,-0.71333,-0.85333,1057,1055,3,3,1417,1215,0,2,0,0,lowhp-hengsao
hengsaoqianjun,primary,act1-bosses,greedy,1,replace,changshanzhaozilong,300,True,True,-14.3333,-2.6667,-6.3745,1.129,-2.04333,-0.42333,0.09333,0.03333,650,687,4,2,834,719,0,2,0,0,lowhp-hengsao
hengsaoqianjun,primary,act1-bosses,tactical,0,add1,skip,300,True,True,-5.0,-1.3333,-9.6433,7.0206,-3.27,-2.14667,0.00667,-0.16333,243,325,85,90,965,897,0,10,0,0,lowhp-hengsao
hengsaoqianjun,primary,act1-bosses,tactical,0,add2,skip,300,True,True,-10.6667,-7.6667,-15.7892,0.7084,-6.33,-4.40333,-0.10333,-0.46667,398,504,136,139,1678,1554,0,22,0,0,lowhp-hengsao
hengsaoqianjun,primary,act1-bosses,tactical,0,replace,changshanzhaozilong,300,True,True,-2.6667,1.0,-3.0518,5.0189,-1.09333,-0.01,0.2,0.02,243,325,85,90,965,897,0,10,0,0,lowhp-hengsao
hengsaoqianjun,primary,act1-bosses,tactical,1,add1,skip,300,True,True,-1.3333,1.3333,-6.6054,9.2281,-2.21,-0.46667,-0.13333,-0.51667,306,473,102,129,933,877,0,12,0,0,lowhp-hengsao
hengsaoqianjun,primary,act1-bosses,tactical,1,add2,skip,300,True,True,-6.3333,0,-8.2357,8.2357,-4.60667,-2.36667,-0.43333,-0.89333,495,683,164,180,1613,1497,0,14,0,0,lowhp-hengsao
hengsaoqianjun,primary,act1-bosses,tactical,1,replace,changshanzhaozilong,300,True,True,-2.0,1.3333,-3.0802,5.7029,-1.77333,-0.13667,0.35,-0.02,306,473,102,129,933,877,0,12,0,0,lowhp-hengsao
hengsaoqianjun,primary,anger-summon,greedy,0,add1,skip,300,True,True,-1.0,0.3333,-3.1739,3.8296,-3.25,-2.35333,0.05667,-0.18667,312,426,4,1,493,461,0,0,0,0,lowhp-hengsao
hengsaoqianjun,primary,anger-summon,greedy,0,add2,skip,300,True,True,-4.0,-2.0,-5.7998,1.8656,-5.12667,-3.47,0.11667,-0.27333,482,646,14,4,860,796,0,2,0,0,lowhp-hengsao
hengsaoqianjun,primary,anger-summon,greedy,0,replace,changshanzhaozilong,300,True,True,-1.0,0,-1.647,1.647,-1.66333,-0.75333,0.34667,0.09333,312,426,4,1,493,461,0,0,0,0,lowhp-hengsao
hengsaoqianjun,primary,anger-summon,greedy,1,add1,skip,300,True,True,-0.3333,1.0,-2.1654,4.1324,-2.28667,-0.06,-0.11333,-0.46,418,419,2,1,465,436,0,0,0,0,lowhp-hengsao
hengsaoqianjun,primary,anger-summon,greedy,1,add2,skip,300,True,True,-2.3333,0,-3.0212,3.0212,-3.95,1.21667,-0.17333,-0.68,642,604,5,4,780,720,0,2,0,0,lowhp-hengsao
hengsaoqianjun,primary,anger-summon,greedy,1,replace,changshanzhaozilong,300,True,True,-1.0,0,-2.2058,2.2058,-2.99667,-0.91,0.39667,0.05667,418,419,2,1,465,436,0,0,0,0,lowhp-hengsao
hengsaoqianjun,primary,anger-summon,tactical,0,add1,skip,300,True,True,-0.3333,0,-1.647,1.647,-1.57,-1.51,-0.16333,-0.37667,186,279,60,51,483,477,0,3,0,0,lowhp-hengsao
hengsaoqianjun,primary,anger-summon,tactical,0,add2,skip,300,True,True,-0.3333,0,-1.647,1.647,-3.74,-2.47667,-0.18333,-0.51333,316,409,109,96,804,793,0,7,0,0,lowhp-hengsao
hengsaoqianjun,primary,anger-summon,tactical,0,replace,changshanzhaozilong,300,True,True,-0.3333,0,-1.647,1.647,-0.00667,0.02333,0.27,0.05667,186,279,60,51,483,477,0,3,0,0,lowhp-hengsao
hengsaoqianjun,primary,anger-summon,tactical,1,add1,skip,300,True,True,0,0,-1.647,1.647,-1.53333,-0.59,-0.34667,-0.65333,256,328,76,49,454,449,0,5,0,0,lowhp-hengsao
hengsaoqianjun,primary,anger-summon,tactical,1,add2,skip,300,True,True,0,0,-1.647,1.647,-2.94667,-1.16667,-0.43667,-0.78333,393,467,120,71,758,747,0,6,0,0,lowhp-hengsao
hengsaoqianjun,primary,anger-summon,tactical,1,replace,changshanzhaozilong,300,True,True,0,0,-1.647,1.647,-1.40667,-0.49333,0.37333,0.04667,256,328,76,49,454,449,0,5,0,0,lowhp-hengsao
hengsaoqianjun,primary,combo-3qi,greedy,0,add1,skip,300,True,True,-7.6667,-1.3333,-8.0039,5.3811,-5.40667,-2.24333,0.00333,-0.17667,508,596,95,50,682,596,0,54,0,0,lowhp-hengsao
hengsaoqianjun,primary,combo-3qi,greedy,0,add2,skip,300,True,True,-17.3333,-8.0,-15.946,0.2095,-7.56667,-4.45333,0.01333,-0.26667,840,954,151,101,1239,1071,0,80,0,0,lowhp-hengsao
hengsaoqianjun,primary,combo-3qi,greedy,0,replace,changshanzhaozilong,300,True,True,-9.0,-2.6667,-6.0477,0.8022,-5.25,-2.08667,0.24667,0.06667,508,596,95,50,682,596,0,54,0,0,lowhp-hengsao
hengsaoqianjun,primary,combo-3qi,greedy,1,add1,skip,300,True,True,-3.3333,2.3333,-4.0172,8.607,-3.14667,1.08333,-0.15333,-0.39667,598,575,52,49,655,575,0,53,0,0,lowhp-hengsao
hengsaoqianjun,primary,combo-3qi,greedy,1,add2,skip,300,True,True,-11.6667,1.3333,-5.6517,8.2744,-5.64333,0.49333,-0.18667,-0.55333,971,900,106,92,1166,1008,0,72,0,0,lowhp-hengsao
hengsaoqianjun,primary,combo-3qi,greedy,1,replace,changshanzhaozilong,300,True,True,-6.6667,-1.0,-3.3177,1.3506,-6.28,-2.05,0.35667,0.11333,598,575,52,49,655,575,0,53,0,0,lowhp-hengsao
hengsaoqianjun,primary,combo-3qi,tactical,0,add1,skip,300,True,True,-1.6667,0.6667,-6.4422,7.7535,-2.23667,-1.06667,-0.16667,-0.32333,386,442,298,291,670,655,0,39,0,0,lowhp-hengsao
hengsaoqianjun,primary,combo-3qi,tactical,0,add2,skip,300,True,True,-11.3333,-1.6667,-9.3878,6.1094,-5.72,-3.26,-0.06,-0.29333,599,726,434,441,1212,1181,0,57,0,0,lowhp-hengsao
hengsaoqianjun,primary,combo-3qi,tactical,0,replace,changshanzhaozilong,300,True,True,-4.3333,-2.0,-6.0717,2.1376,-3.09333,-1.92333,0.14333,-0.01333,386,442,298,291,670,655,0,39,0,0,lowhp-hengsao
hengsaoqianjun,primary,combo-3qi,tactical,1,add1,skip,300,True,True,2.0,4.3333,-2.4245,10.9485,0.04,2.54333,-0.38333,-0.61667,433,481,321,307,648,634,0,31,0,0,lowhp-hengsao
hengsaoqianjun,primary,combo-3qi,tactical,1,add2,skip,300,True,True,-0.6667,4.3333,-2.8316,11.3555,-2.64,2.18667,-0.36333,-0.80667,700,782,483,467,1126,1103,0,51,0,0,lowhp-hengsao
hengsaoqianjun,primary,combo-3qi,tactical,1,replace,changshanzhaozilong,300,True,True,-2.3333,0,-3.6513,3.6513,-2.78,-0.27667,0.17667,-0.05667,433,481,321,307,648,634,0,31,0,0,lowhp-hengsao
hengsaoqianjun,primary,combo-4qi,greedy,0,add1,skip,300,True,True,1.0,7.0,-0.226,13.9955,-0.12667,1.22667,-0.33333,-0.48333,466,469,113,66,487,466,0,186,0,0,lowhp-hengsao
hengsaoqianjun,primary,combo-4qi,greedy,0,add2,skip,300,True,True,1.0,7.6667,0.467,14.6138,-0.21333,2.15,-0.50667,-0.68667,771,782,204,113,843,802,0,262,0,0,lowhp-hengsao
hengsaoqianjun,primary,combo-4qi,greedy,0,replace,changshanzhaozilong,300,True,True,-6.6667,-0.6667,-3.992,2.6806,-1.75,-0.39667,0.23,0.08,466,469,113,66,487,466,0,186,0,0,lowhp-hengsao
hengsaoqianjun,primary,combo-4qi,greedy,1,add1,skip,300,True,True,6.6667,10.6667,3.4258,17.5561,0.83,2.4,-0.42667,-0.72,475,449,70,63,465,446,0,165,0,0,lowhp-hengsao
hengsaoqianjun,primary,combo-4qi,greedy,1,add2,skip,300,True,True,5.6667,13.0,6.0363,19.5355,1.74667,3.98333,-0.63667,-1.18,781,710,117,95,763,721,0,210,0,0,lowhp-hengsao
hengsaoqianjun,primary,combo-4qi,greedy,1,replace,changshanzhaozilong,300,True,True,-4.0,0,-2.6465,2.6465,-2.35333,-0.78333,0.40333,0.11,475,449,70,63,465,446,0,165,0,0,lowhp-hengsao
hengsaoqianjun,primary,combo-4qi,tactical,0,add1,skip,300,True,True,4.3333,7.3333,0.3254,14.0997,1.18,2.55667,-0.46333,-0.58667,404,402,237,175,437,437,0,163,0,0,lowhp-hengsao
hengsaoqianjun,primary,combo-4qi,tactical,0,add2,skip,300,True,True,6.3333,12.6667,6.0971,18.819,1.76667,3.60333,-0.61333,-0.87333,660,670,340,257,738,733,0,203,0,0,lowhp-hengsao
hengsaoqianjun,primary,combo-4qi,tactical,0,replace,changshanzhaozilong,300,True,True,-4.6667,-1.6667,-6.132,2.8536,-1.73667,-0.36,0.11667,-0.00667,404,402,237,175,437,437,0,163,0,0,lowhp-hengsao
hengsaoqianjun,primary,combo-4qi,tactical,1,add1,skip,300,True,True,8.3333,15.3333,8.0669,22.0947,2.44333,3.97667,-0.64,-0.74667,399,408,216,140,431,431,0,165,0,0,lowhp-hengsao
hengsaoqianjun,primary,combo-4qi,tactical,1,add2,skip,300,True,True,13.0,18.6667,11.9427,24.7758,3.94333,6.07667,-0.91333,-1.22,659,647,311,200,690,687,0,203,0,0,lowhp-hengsao
hengsaoqianjun,primary,combo-4qi,tactical,1,replace,changshanzhaozilong,300,True,True,-5.6667,1.3333,-3.0802,5.7029,-1.78667,-0.25333,0.11,0.00333,399,408,216,140,431,431,0,165,0,0,lowhp-hengsao
hengsaoqianjun,primary,act2,greedy,0,add1,skip,300,True,True,-1.6667,-4.0,-9.7812,1.913,-1.43667,-1.06667,-0.10667,-0.26333,374,472,6,2,559,507,0,5,0,0,lowhp-hengsao
hengsaoqianjun,primary,act2,greedy,0,add2,skip,300,True,True,-6.0,-8.6667,-13.8847,-3.1632,-3.56333,-3.06333,-0.17667,-0.51333,574,762,9,5,962,889,0,5,0,0,lowhp-hengsao
hengsaoqianjun,primary,act2,greedy,0,replace,changshanzhaozilong,300,True,True,0.6667,0,-2.2058,2.2058,-0.75667,-0.33667,0.21667,0.08,374,472,6,2,559,507,0,5,0,0,lowhp-hengsao
hengsaoqianjun,primary,act2,greedy,1,add1,skip,300,True,True,-2.3333,-3.0,-8.9273,3.0261,-1.28333,-0.01333,-0.17667,-0.44,447,481,3,2,557,503,0,5,0,0,lowhp-hengsao
hengsaoqianjun,primary,act2,greedy,1,add2,skip,300,True,True,-7.6667,-7.3333,-12.7726,-1.6525,-3.15,-1.72333,-0.39333,-0.75667,707,751,6,5,923,851,0,7,0,0,lowhp-hengsao
hengsaoqianjun,primary,act2,greedy,1,replace,changshanzhaozilong,300,True,True,-0.6667,0,-2.2058,2.2058,-1.64667,-0.27333,0.31667,0.07333,447,481,3,2,557,503,0,5,0,0,lowhp-hengsao
hengsaoqianjun,primary,act2,tactical,0,add1,skip,300,True,True,-3.3333,-1.3333,-6.7348,4.1121,-3.13667,-3.37,-0.01667,-0.09,140,209,37,32,561,549,0,5,0,0,lowhp-hengsao
hengsaoqianjun,primary,act2,tactical,0,add2,skip,300,True,True,-2.0,-3.0,-8.4055,2.5043,-3.77333,-4.57,0.01333,-0.11667,281,389,81,78,982,955,0,13,0,0,lowhp-hengsao
hengsaoqianjun,primary,act2,tactical,0,replace,changshanzhaozilong,300,True,True,-0.3333,0.3333,-2.0983,2.754,0.07667,0.15333,0.16667,0.02667,140,209,37,32,561,549,0,5,0,0,lowhp-hengsao
hengsaoqianjun,primary,act2,tactical,1,add1,skip,300,True,True,-2.3333,-0.6667,-5.9047,4.5933,-3.03667,-3.51,-0.09667,-0.25333,192,277,46,38,562,549,0,6,0,0,lowhp-hengsao
hengsaoqianjun,primary,act2,tactical,1,add2,skip,300,True,True,-3.0,-0.6667,-5.9047,4.5933,-4.26333,-3.49333,-0.18,-0.39667,368,495,90,79,957,930,0,11,0,0,lowhp-hengsao
hengsaoqianjun,primary,act2,tactical,1,replace,changshanzhaozilong,300,True,True,0.3333,0.3333,-2.506,3.1617,-0.03,-0.53667,0.26667,0.04,192,277,46,38,562,549,0,6,0,0,lowhp-hengsao
qiangtiaogaolan,primary,starter-single-group,greedy,0,add1,skip,300,True,True,0,0,-1.647,1.647,-3.03333,1.51333,0.26,-0.31,545,478,0,0,510,478,0,0,0,0,lowhp-gaolan
qiangtiaogaolan,primary,starter-single-group,greedy,0,add2,skip,300,True,True,0,0,-1.647,1.647,-5.40333,1.84667,0.41,-0.46667,857,673,0,0,874,828,0,0,0,0,lowhp-gaolan
qiangtiaogaolan,primary,starter-single-group,greedy,0,replace,lizhanwujiang,300,True,True,0,0,-1.647,1.647,-4.08667,0.46,-0.01333,-0.58333,545,478,0,0,510,478,0,0,0,0,lowhp-gaolan
qiangtiaogaolan,primary,starter-single-group,greedy,1,add1,skip,300,True,True,0,0,-1.647,1.647,-1.86333,2.45333,0.11333,-0.44,523,453,0,0,485,453,0,0,0,0,lowhp-gaolan
qiangtiaogaolan,primary,starter-single-group,greedy,1,add2,skip,300,True,True,0,0,-1.647,1.647,-3.11,3.06333,0.14667,-0.62667,805,643,0,0,831,789,0,0,0,0,lowhp-gaolan
qiangtiaogaolan,primary,starter-single-group,greedy,1,replace,lizhanwujiang,300,True,True,0,0,-1.647,1.647,-5.67,-1.35333,0.71667,0.16333,523,453,0,0,485,453,0,0,0,0,lowhp-gaolan
qiangtiaogaolan,primary,starter-single-group,tactical,0,add1,skip,300,True,True,0,0,-1.647,1.647,-0.78,-1.29667,0.01,-0.60667,144,449,0,0,483,483,0,2,0,0,lowhp-gaolan
qiangtiaogaolan,primary,starter-single-group,tactical,0,add2,skip,300,True,True,0,0,-1.647,1.647,-2.05333,-1.69333,0.08,-0.83333,271,642,0,0,841,839,0,3,0,0,lowhp-gaolan
qiangtiaogaolan,primary,starter-single-group,tactical,0,replace,lizhanwujiang,300,True,True,0,0,-1.647,1.647,-1.60667,-2.12333,0.89667,0.28,144,449,0,0,483,483,0,2,0,0,lowhp-gaolan
qiangtiaogaolan,primary,starter-single-group,tactical,1,add1,skip,300,True,True,0,0,-1.647,1.647,-0.49333,-0.78,-0.06,-0.82333,191,448,0,0,467,467,0,1,0,0,lowhp-gaolan
qiangtiaogaolan,primary,starter-single-group,tactical,1,add2,skip,300,True,True,0,0,-1.647,1.647,-1.78,-0.33333,0.00333,-1.04667,339,626,0,0,793,788,0,2,0,0,lowhp-gaolan
qiangtiaogaolan,primary,starter-single-group,tactical,1,replace,lizhanwujiang,300,True,True,0,0,-1.647,1.647,-3.15,-3.43667,1.15,0.38667,191,448,0,0,467,467,0,1,0,0,lowhp-gaolan
qiangtiaogaolan,primary,act1-bosses,greedy,0,add1,skip,300,True,True,-25.3333,-0.3333,-10.0669,9.4112,-4.77,0.15,-0.46667,-0.58,660,651,0,2,768,658,0,3,0,0,lowhp-gaolan
qiangtiaogaolan,primary,act1-bosses,greedy,0,add2,skip,300,True,True,-35.0,9.0,-1.4588,19.1623,-6.12,1.12667,-0.88333,-0.98,1055,1043,0,3,1348,1171,0,2,0,0,lowhp-gaolan
qiangtiaogaolan,primary,act1-bosses,greedy,0,replace,lizhanwujiang,300,True,True,-20.3333,1.3333,-7.4027,10.0255,-3.29667,1.55333,-0.5,-0.62333,660,651,0,2,768,658,0,3,0,0,lowhp-gaolan
qiangtiaogaolan,primary,act1-bosses,greedy,1,add1,skip,300,True,True,-19.0,7.0,-2.783,16.5524,-3.62,2.04333,-0.48333,-0.73,659,643,0,2,764,649,0,4,0,0,lowhp-gaolan
qiangtiaogaolan,primary,act1-bosses,greedy,1,add2,skip,300,True,True,-30.3333,22.3333,11.8428,32.0882,-5.36667,4.26667,-0.90333,-1.24333,1043,1027,1,3,1320,1146,0,1,0,0,lowhp-gaolan
qiangtiaogaolan,primary,act1-bosses,greedy,1,replace,lizhanwujiang,300,True,True,-36.3333,-11.3333,-19.5924,-2.701,-6.99333,-1.44333,0.21667,-0.03,659,643,0,2,764,649,0,4,0,0,lowhp-gaolan
qiangtiaogaolan,primary,act1-bosses,tactical,0,add1,skip,300,True,True,-6.0,1.6667,-6.1094,9.3878,-3.67667,0.87333,0.1,-0.64667,145,537,3,13,854,810,0,10,0,0,lowhp-gaolan
qiangtiaogaolan,primary,act1-bosses,tactical,0,add2,skip,300,True,True,-10.0,3.3333,-4.6131,11.1699,-5.76667,-0.32,-0.06,-1.02333,258,838,11,16,1530,1415,0,13,0,0,lowhp-gaolan
qiangtiaogaolan,primary,act1-bosses,tactical,0,replace,lizhanwujiang,300,True,True,-12.3333,-4.0,-10.4165,2.5482,-6.57333,-2.10667,1.12,0.39333,145,537,3,13,854,810,0,10,0,0,lowhp-gaolan
qiangtiaogaolan,primary,act1-bosses,tactical,1,add1,skip,300,True,True,-3.0,6.0,-1.8079,13.6102,-3.26,2.71333,0.01667,-1.02333,226,641,3,6,840,792,0,10,0,0,lowhp-gaolan
qiangtiaogaolan,primary,act1-bosses,tactical,1,add2,skip,300,True,True,-8.6667,11.6667,4.4273,18.5218,-4.96,3.08,-0.25333,-1.53333,340,965,9,9,1441,1323,0,17,0,0,lowhp-gaolan
qiangtiaogaolan,primary,act1-bosses,tactical,1,replace,lizhanwujiang,300,True,True,-16.3333,-7.0,-12.768,-1.0014,-12.39667,-6.68667,2.12667,1.10667,226,641,3,6,840,792,0,10,0,0,lowhp-gaolan
qiangtiaogaolan,primary,combo-3qi,greedy,0,add1,skip,300,True,True,-14.6667,4.0,-2.0808,9.949,-5.74667,3.67,-0.07,-0.58333,563,557,21,46,640,557,0,48,0,0,lowhp-gaolan
qiangtiaogaolan,primary,combo-3qi,greedy,0,add2,skip,300,True,True,-30.3333,6.0,-0.1553,11.9576,-9.35333,5.51,-0.15667,-0.78333,877,867,17,87,1121,975,0,65,0,0,lowhp-gaolan
qiangtiaogaolan,primary,combo-3qi,greedy,0,replace,lizhanwujiang,300,True,True,-12.0,6.6667,0.7321,12.3816,-2.33,7.08667,-0.21333,-0.72667,563,557,21,46,640,557,0,48,0,0,lowhp-gaolan
qiangtiaogaolan,primary,combo-3qi,greedy,1,add1,skip,300,True,True,-8.6667,5.6667,-0.0668,11.2135,-3.39667,6.40667,-0.18667,-0.75667,558,537,20,47,617,537,0,45,0,0,lowhp-gaolan
qiangtiaogaolan,primary,combo-3qi,greedy,1,add2,skip,300,True,True,-17.3333,8.0,2.3992,13.3373,-5.74,9.21,-0.28,-1.04,847,829,17,88,1073,934,0,59,0,0,lowhp-gaolan
qiangtiaogaolan,primary,combo-3qi,greedy,1,replace,lizhanwujiang,300,True,True,-15.3333,-1.0,-5.0189,3.0518,-8.80667,0.99667,0.55667,-0.01333,558,537,20,47,617,537,0,45,0,0,lowhp-gaolan
qiangtiaogaolan,primary,combo-3qi,tactical,0,add1,skip,300,True,True,-3.6667,4.3333,-2.6999,11.2238,-2.04333,3.33333,-0.1,-0.62667,328,529,59,70,639,633,0,30,0,0,lowhp-gaolan
qiangtiaogaolan,primary,combo-3qi,tactical,0,add2,skip,300,True,True,-8.0,5.6667,-1.1955,12.3421,-2.89333,4.76,-0.17,-0.89333,538,824,99,115,1087,1063,0,50,0,0,lowhp-gaolan
qiangtiaogaolan,primary,combo-3qi,tactical,0,replace,lizhanwujiang,300,True,True,-13.6667,-5.6667,-9.809,-1.3376,-12.94,-7.56333,1.25667,0.73,328,529,59,70,639,633,0,30,0,0,lowhp-gaolan
qiangtiaogaolan,primary,combo-3qi,tactical,1,add1,skip,300,True,True,-2.0,8.3333,1.9198,14.4724,-0.3,5.5,-0.31,-0.82333,401,592,48,42,628,623,0,26,0,0,lowhp-gaolan
qiangtiaogaolan,primary,combo-3qi,tactical,1,add2,skip,300,True,True,-4.6667,10.0,4.2581,15.4125,-1.22667,8.68667,-0.45667,-1.27667,627,910,86,81,1050,1031,0,46,0,0,lowhp-gaolan
qiangtiaogaolan,primary,combo-3qi,tactical,1,replace,lizhanwujiang,300,True,True,-12.3333,-2.0,-5.1604,1.2262,-16.01333,-10.21333,1.47667,0.96333,401,592,48,42,628,623,0,26,0,0,lowhp-gaolan
qiangtiaogaolan,primary,combo-4qi,greedy,0,add1,skip,300,True,True,6.6667,14.3333,5.4684,22.7261,3.26667,7.25667,-0.37667,-0.53,458,484,24,43,506,483,0,221,0,0,lowhp-gaolan
qiangtiaogaolan,primary,combo-4qi,greedy,0,add2,skip,300,True,True,9.0,18.6667,10.465,26.2534,6.69333,12.76333,-0.61667,-0.88667,720,822,41,69,870,827,0,288,0,0,lowhp-gaolan
qiangtiaogaolan,primary,combo-4qi,greedy,0,replace,lizhanwujiang,300,True,True,-10.3333,-2.6667,-9.2913,4.0458,-8.67667,-4.68667,0.51,0.35667,458,484,24,43,506,483,0,221,0,0,lowhp-gaolan
qiangtiaogaolan,primary,combo-4qi,greedy,1,add1,skip,300,True,True,12.3333,18.6667,10.1054,26.613,5.71,10.30667,-0.49667,-0.68667,449,471,24,42,492,470,0,208,0,0,lowhp-gaolan
qiangtiaogaolan,primary,combo-4qi,greedy,1,add2,skip,300,True,True,15.6667,23.3333,15.2386,30.6594,9.86333,18.27333,-0.8,-1.18667,697,781,39,64,829,788,0,256,0,0,lowhp-gaolan
qiangtiaogaolan,primary,combo-4qi,greedy,1,replace,lizhanwujiang,300,True,True,-10.3333,-4.0,-8.5863,0.718,-11.24333,-6.64667,0.68667,0.49667,449,471,24,42,492,470,0,208,0,0,lowhp-gaolan
qiangtiaogaolan,primary,combo-4qi,tactical,0,add1,skip,300,True,True,5.6667,17.0,8.9712,24.4688,5.03333,9.89333,-0.41333,-0.6,441,485,66,82,501,501,0,176,0,0,lowhp-gaolan
qiangtiaogaolan,primary,combo-4qi,tactical,0,add2,skip,300,True,True,7.3333,21.3333,14.107,27.8569,6.92,14.43,-0.6,-0.94333,707,793,89,113,838,836,0,203,0,0,lowhp-gaolan
qiangtiaogaolan,primary,combo-4qi,tactical,0,replace,lizhanwujiang,300,True,True,-18.0,-6.6667,-10.6603,-2.4534,-17.75,-12.89,1.1,0.91333,441,485,66,82,501,501,0,176,0,0,lowhp-gaolan
qiangtiaogaolan,primary,combo-4qi,tactical,1,add1,skip,300,True,True,12.0,17.6667,10.2872,24.4642,8.49667,12.56,-0.6,-0.73667,461,461,63,54,469,469,0,151,0,0,lowhp-gaolan
qiangtiaogaolan,primary,combo-4qi,tactical,1,add2,skip,300,True,True,13.3333,23.0,16.0725,29.1699,11.11,19.14667,-0.85667,-1.23,717,782,78,88,807,807,0,202,0,0,lowhp-gaolan
qiangtiaogaolan,primary,combo-4qi,tactical,1,replace,lizhanwujiang,300,True,True,-12.0,-6.3333,-10.26,-2.198,-19.78667,-15.72333,1.22,1.08333,461,461,63,54,469,469,0,151,0,0,lowhp-gaolan
qiangtiaogaolan,primary,act3,greedy,0,add1,skip,300,True,True,-10.3333,-1.0,-8.9562,6.9891,-3.84667,-0.86333,-0.19667,-0.14,310,313,0,2,373,319,0,0,0,0,lowhp-gaolan
qiangtiaogaolan,primary,act3,greedy,0,add2,skip,300,True,True,-20.3333,-2.3333,-10.668,6.0782,-6.79333,-2.29,-0.18667,-0.27,555,545,0,3,656,587,0,4,0,0,lowhp-gaolan
qiangtiaogaolan,primary,act3,greedy,0,replace,lizhanwujiang,300,True,True,-8.3333,2.3333,-3.3678,7.9576,-3.59667,-0.07,-0.14,-0.10333,310,313,0,2,373,319,0,0,0,0,lowhp-gaolan
qiangtiaogaolan,primary,act3,greedy,1,add1,skip,300,True,True,-7.6667,3.0,-5.2121,11.1133,-2.95333,0.01667,-0.20667,-0.18,311,315,0,2,373,318,0,0,0,0,lowhp-gaolan
qiangtiaogaolan,primary,act3,greedy,1,add2,skip,300,True,True,-15.0,2.3333,-5.9784,10.5682,-6.06333,-0.64333,-0.18333,-0.32,557,544,0,3,652,583,0,4,0,0,lowhp-gaolan
qiangtiaogaolan,primary,act3,greedy,1,replace,lizhanwujiang,300,True,True,-8.6667,3.3333,-2.43,8.9869,-3.34667,0.19667,0.00667,0,311,315,0,2,373,318,0,0,0,0,lowhp-gaolan
qiangtiaogaolan,primary,act3,tactical,0,add1,skip,300,True,True,-3.6667,-3.0,-6.8037,0.9025,-1.89,-2.23333,-0.02667,-0.08667,48,183,1,7,365,352,0,1,0,0,lowhp-gaolan
qiangtiaogaolan,primary,act3,tactical,0,add2,skip,300,True,True,-3.3333,-2.3333,-6.7471,2.1573,-3.04,-2.23,0.10667,-0.09667,87,297,3,6,649,626,0,6,0,0,lowhp-gaolan
qiangtiaogaolan,primary,act3,tactical,0,replace,lizhanwujiang,300,True,True,-1.0,-1.3333,-4.5976,1.9748,-0.42,-0.44,0.20667,0.15,48,183,1,7,365,352,0,1,0,0,lowhp-gaolan
qiangtiaogaolan,primary,act3,tactical,1,add1,skip,300,True,True,-3.6667,-2.3333,-6.2341,1.6443,-2.21,-1.68,-0.03333,-0.17333,65,219,2,4,357,344,0,3,0,0,lowhp-gaolan
qiangtiaogaolan,primary,act3,tactical,1,add2,skip,300,True,True,-4.0,-2.0,-6.5566,2.6224,-2.99333,-1.81,0.06667,-0.17333,112,379,3,6,651,632,0,5,0,0,lowhp-gaolan
qiangtiaogaolan,primary,act3,tactical,1,replace,lizhanwujiang,300,True,True,-3.6667,-1.3333,-4.5976,1.9748,-2.38,-1.15,0.43667,0.27667,65,219,2,4,357,344,0,3,0,0,lowhp-gaolan
qiangtiaogaolan,primary,final,greedy,0,add1,skip,300,True,True,-14.6667,-5.0,-13.0407,3.2054,-6.31333,-1.40667,0.07333,-0.07667,359,380,0,4,448,384,0,4,0,0,lowhp-gaolan
qiangtiaogaolan,primary,final,greedy,0,add2,skip,300,True,True,-22.3333,-5.6667,-12.998,1.8513,-9.29667,-1.79333,-0.02,-0.13,630,662,0,4,817,711,0,2,0,0,lowhp-gaolan
qiangtiaogaolan,primary,final,greedy,0,replace,lizhanwujiang,300,True,True,-11.6667,-1.3333,-6.914,4.2912,-5,-0.94667,-0.05667,-0.10333,359,380,0,4,448,384,0,4,0,0,lowhp-gaolan
qiangtiaogaolan,primary,final,greedy,1,add1,skip,300,True,True,-13.3333,-3.0,-11.0089,5.1077,-5.93333,-1.01,0.05667,-0.1,360,378,0,4,445,381,0,4,0,0,lowhp-gaolan
qiangtiaogaolan,primary,final,greedy,1,add2,skip,300,True,True,-19.6667,-1.3333,-9.0065,6.3837,-8.67333,-0.27,-0.06,-0.21667,633,657,0,4,808,703,0,3,0,0,lowhp-gaolan
qiangtiaogaolan,primary,final,greedy,1,replace,lizhanwujiang,300,True,True,-12.0,-1.3333,-6.7348,4.1121,-4.99,-0.97333,0.07,0.04333,360,378,0,4,445,381,0,4,0,0,lowhp-gaolan
qiangtiaogaolan,primary,final,tactical,0,add1,skip,300,True,True,-1.6667,0.3333,-4.6306,5.2863,-3.53,-3.17333,0.06,-0.04,50,191,4,5,418,395,0,6,0,0,lowhp-gaolan
qiangtiaogaolan,primary,final,tactical,0,add2,skip,300,True,True,-3.3333,-1.0,-6.1312,4.1642,-4.76,-4.66333,0.28667,0.03667,106,373,3,9,779,735,0,11,0,0,lowhp-gaolan
qiangtiaogaolan,primary,final,tactical,0,replace,lizhanwujiang,300,True,True,-1.3333,-0.6667,-4.5718,3.2604,-1.42333,-0.85333,0.30667,0.18333,50,191,4,5,418,395,0,6,0,0,lowhp-gaolan
qiangtiaogaolan,primary,final,tactical,1,add1,skip,300,True,True,-0.3333,0.6667,-4.1963,5.5076,-3.05333,-2.78333,0.03333,-0.06667,66,222,4,4,422,399,0,4,0,0,lowhp-gaolan
qiangtiaogaolan,primary,final,tactical,1,add2,skip,300,True,True,-2.6667,0.3333,-4.8285,5.4842,-4.52,-4.45,0.23333,-0.07,140,443,3,6,768,725,0,18,0,0,lowhp-gaolan
qiangtiaogaolan,primary,final,tactical,1,replace,lizhanwujiang,300,True,True,-1.0,-0.3333,-4.1165,3.4608,-2.04667,-1.37,0.49333,0.35333,66,222,4,4,422,399,0,4,0,0,lowhp-gaolan
xueranzhengpao,primary,starter-single-group,greedy,0,add1,skip,300,True,True,0,0,-1.647,1.647,-2.49333,0.73333,-0.4,-0.4,484,484,0,0,495,484,0,0,0,0,lowhp-xueran
xueranzhengpao,primary,starter-single-group,greedy,0,add2,skip,300,True,True,0,0,-1.647,1.647,-4.25,1.03667,-0.67333,-0.67333,793,793,0,0,833,809,0,0,0,0,lowhp-xueran
xueranzhengpao,primary,starter-single-group,greedy,0,replace,tingqiang,300,True,True,0,0,-1.647,1.647,-3.68,-0.45333,-0.18667,-0.18667,484,484,0,0,495,484,0,0,0,0,lowhp-xueran
xueranzhengpao,primary,starter-single-group,greedy,1,add1,skip,300,True,True,0,0,-1.647,1.647,-0.26667,2.68,-0.66667,-0.66667,442,442,0,0,455,442,0,0,0,0,lowhp-xueran
xueranzhengpao,primary,starter-single-group,greedy,1,add2,skip,300,True,True,0,0,-1.647,1.647,-1.57333,3.22667,-0.95333,-0.95333,720,720,0,0,747,728,0,0,0,0,lowhp-xueran
xueranzhengpao,primary,starter-single-group,greedy,1,replace,tingqiang,300,True,True,0,0,-1.647,1.647,-1.63333,1.31333,-0.42333,-0.42333,442,442,0,0,455,442,0,0,0,0,lowhp-xueran
xueranzhengpao,primary,starter-single-group,tactical,0,add1,skip,300,True,True,0,0,-1.647,1.647,-1.73,-0.37,-0.33,-0.48333,226,442,0,0,509,509,0,8,0,0,lowhp-xueran
xueranzhengpao,primary,starter-single-group,tactical,0,add2,skip,300,True,True,0,0,-1.647,1.647,-3.50667,-1.01667,-0.45,-0.78667,398,744,0,0,871,871,0,18,0,0,lowhp-xueran
xueranzhengpao,primary,starter-single-group,tactical,0,replace,tingqiang,300,True,True,0,0,-1.647,1.647,-2.65667,-1.29667,0.10667,-0.04667,226,442,0,0,509,509,0,8,0,0,lowhp-xueran
xueranzhengpao,primary,starter-single-group,tactical,1,add1,skip,300,True,True,0,0,-1.647,1.647,-2.35667,0.72667,-0.77333,-0.81333,451,448,0,0,469,469,0,8,0,0,lowhp-xueran
xueranzhengpao,primary,starter-single-group,tactical,1,add2,skip,300,True,True,0,0,-1.647,1.647,-3.09333,1.67333,-1.24,-1.27333,702,703,0,0,747,747,0,16,0,0,lowhp-xueran
xueranzhengpao,primary,starter-single-group,tactical,1,replace,tingqiang,300,True,True,0,0,-1.647,1.647,-3.83,-0.74667,-0.13667,-0.17667,451,448,0,0,469,469,0,8,0,0,lowhp-xueran
xueranzhengpao,primary,act1-bosses,greedy,0,add1,skip,300,True,True,-6.6667,6.3333,-3.6683,16.1263,-1.54,0.67333,-0.75333,-0.57333,718,744,0,0,827,744,2,6,0,0,lowhp-xueran
xueranzhengpao,primary,act1-bosses,greedy,0,add2,skip,300,True,True,-10.6667,9.0,-0.5352,18.2388,-2.86333,0.91333,-1.38667,-1.07333,1171,1233,0,0,1382,1240,6,12,0,0,lowhp-xueran
xueranzhengpao,primary,act1-bosses,greedy,0,replace,tingqiang,300,True,True,-9.3333,1.0,-5.6425,7.6096,-1.94333,0.16333,-0.40333,-0.20667,718,744,0,0,827,744,2,6,0,0,lowhp-xueran
xueranzhengpao,primary,act1-bosses,greedy,1,add1,skip,300,True,True,0,10.3333,0.6588,19.6674,0.06333,2.51667,-0.85333,-0.74,697,719,0,0,806,719,4,7,0,0,lowhp-xueran
xueranzhengpao,primary,act1-bosses,greedy,1,add2,skip,300,True,True,12.0,30.3333,20.2725,39.395,1.05333,6.59667,-1.68333,-1.5,1151,1186,0,0,1323,1195,1,10,0,0,lowhp-xueran
xueranzhengpao,primary,act1-bosses,greedy,1,replace,tingqiang,300,True,True,-7.6667,0,-7.9215,7.9215,-1.40333,0.91333,-0.43,-0.31,697,719,0,0,806,719,4,7,0,0,lowhp-xueran
xueranzhengpao,primary,act1-bosses,tactical,0,add1,skip,300,True,True,1.3333,2.3333,-5.7724,10.3622,-1.98,-0.16667,-0.27333,-0.61667,327,714,0,0,928,869,0,78,0,0,lowhp-xueran
xueranzhengpao,primary,act1-bosses,tactical,0,add2,skip,300,True,True,-1.0,7.0,-0.727,14.4964,-4.48333,1.02667,-0.6,-1.18333,533,1162,0,0,1534,1427,0,69,0,0,lowhp-xueran
xueranzhengpao,primary,act1-bosses,tactical,0,replace,tingqiang,300,True,True,-3.0,-2.3333,-7.1933,2.6035,-2.28667,-0.84667,0.17333,-0.18333,327,714,0,0,928,869,0,78,0,0,lowhp-xueran
xueranzhengpao,primary,act1-bosses,tactical,1,add1,skip,300,True,True,4.6667,8.0,0.3637,15.3727,-0.55,3.19333,-1.14667,-1.22,658,768,0,0,864,825,0,73,0,0,lowhp-xueran
xueranzhengpao,primary,act1-bosses,tactical,1,add2,skip,300,True,True,11.0,15.0,7.6197,21.8861,0.55333,7.56667,-1.85,-2.02,1088,1218,0,0,1416,1334,0,68,0,0,lowhp-xueran
xueranzhengpao,primary,act1-bosses,tactical,1,replace,tingqiang,300,True,True,-0.3333,1.6667,-3.2896,6.568,-2.85,0.22333,-0.35,-0.40333,658,768,0,0,864,825,0,73,0,0,lowhp-xueran
xueranzhengpao,primary,combo-3qi,greedy,0,add1,skip,300,True,True,0.3333,5.3333,-0.514,11.005,-1.65,2.17667,-0.41667,-0.36667,616,620,0,0,648,620,0,163,0,0,lowhp-xueran
xueranzhengpao,primary,combo-3qi,greedy,0,add2,skip,300,True,True,-8.6667,4.3333,-2.5643,11.0882,-3.95333,2.46667,-0.74333,-0.63333,1074,1097,0,0,1151,1104,2,227,0,0,lowhp-xueran
xueranzhengpao,primary,combo-3qi,greedy,0,replace,tingqiang,300,True,True,-3.6667,1.3333,-1.6172,4.2399,-4.10333,-0.27667,-0.20333,-0.15333,616,620,0,0,648,620,0,163,0,0,lowhp-xueran
xueranzhengpao,primary,combo-3qi,greedy,1,add1,skip,300,True,True,5.6667,7.3333,1.6525,12.7726,1.97667,5.79,-0.66667,-0.65,595,597,0,0,623,596,0,158,0,0,lowhp-xueran
xueranzhengpao,primary,combo-3qi,greedy,1,add2,skip,300,True,True,6.3333,9.0,3.6784,14.0251,2.53,9.06,-1.11333,-1.10667,997,997,0,0,1047,1004,0,199,0,0,lowhp-xueran
xueranzhengpao,primary,combo-3qi,greedy,1,replace,tingqiang,300,True,True,1.0,2.6667,-0.4105,5.656,-1.2,2.61333,-0.37,-0.35333,595,597,0,0,623,596,0,158,0,0,lowhp-xueran
xueranzhengpao,primary,combo-3qi,tactical,0,add1,skip,300,True,True,1.3333,4.6667,-1.8637,11.0433,-2.23667,0.43667,-0.24667,-0.43,340,573,0,0,656,656,0,143,0,0,lowhp-xueran
xueranzhengpao,primary,combo-3qi,tactical,0,add2,skip,300,True,True,-3.0,3.6667,-3.5073,10.7198,-5.13667,0.70333,-0.42667,-0.78,612,993,0,0,1137,1134,0,217,0,0,lowhp-xueran
xueranzhengpao,primary,combo-3qi,tactical,0,replace,tingqiang,300,True,True,-0.6667,2.6667,-1.922,7.1675,-3.30667,-0.63333,0.07333,-0.11,340,573,0,0,656,656,0,143,0,0,lowhp-xueran
xueranzhengpao,primary,combo-3qi,tactical,1,add1,skip,300,True,True,3.6667,6.6667,0.0663,13.0475,0.70667,4.58333,-0.71,-0.77667,551,599,0,0,636,635,0,143,0,0,lowhp-xueran
xueranzhengpao,primary,combo-3qi,tactical,1,add2,skip,300,True,True,6.3333,10.0,4.2581,15.4125,1.45,8.92667,-1.16667,-1.27667,935,988,0,0,1045,1043,0,215,0,0,lowhp-xueran
xueranzhengpao,primary,combo-3qi,tactical,1,replace,tingqiang,300,True,True,-3.6667,-0.6667,-3.992,2.6806,-3.87667,0,-0.08667,-0.15333,551,599,0,0,636,635,0,143,0,0,lowhp-xueran
xueranzhengpao,primary,half-hp,greedy,0,add1,skip,300,True,True,-2.0,1.0,-1.3506,3.3177,-2.82333,-1.24667,-0.31667,-0.21333,452,463,0,0,480,463,7,122,0,0,lowhp-xueran
xueranzhengpao,primary,half-hp,greedy,0,add2,skip,300,True,True,-6.3333,0.3333,-1.5986,2.2543,-4.65667,-1.96333,-0.54,-0.35667,756,788,0,0,823,789,5,159,0,0,lowhp-xueran
xueranzhengpao,primary,half-hp,greedy,0,replace,tingqiang,300,True,True,-2.6667,0.3333,-1.5986,2.2543,-1.96333,-0.38667,-0.18333,-0.08,452,463,0,0,480,463,7,122,0,0,lowhp-xueran
xueranzhengpao,primary,half-hp,greedy,1,add1,skip,300,True,True,-0.6667,1.0,-1.3506,3.3177,-2.11333,-0.57,-0.40667,-0.31333,444,455,0,0,472,455,7,111,0,0,lowhp-xueran
xueranzhengpao,primary,half-hp,greedy,1,add2,skip,300,True,True,-3.0,2.0,-0.8194,4.7535,-3.32,-0.76333,-0.69333,-0.53,722,752,0,0,792,757,5,151,0,0,lowhp-xueran
xueranzhengpao,primary,half-hp,greedy,1,replace,tingqiang,300,True,True,-1.6667,0,-1.647,1.647,-1.47,0.07333,-0.26,-0.16667,444,455,0,0,472,455,7,111,0,0,lowhp-xueran
xueranzhengpao,primary,half-hp,tactical,0,add1,skip,300,True,True,-0.6667,0.3333,-2.0983,2.754,-1.87667,-0.71667,-0.14,-0.19,209,357,0,0,459,458,0,84,0,0,lowhp-xueran
xueranzhengpao,primary,half-hp,tactical,0,add2,skip,300,True,True,0,0,-2.6465,2.6465,-3.21333,-1.46667,-0.20667,-0.24667,366,626,0,0,819,818,0,101,0,0,lowhp-xueran
xueranzhengpao,primary,half-hp,tactical,0,replace,tingqiang,300,True,True,-1.6667,-0.6667,-2.8024,1.4911,-1.69333,-0.53333,0.01,-0.04,209,357,0,0,459,458,0,84,0,0,lowhp-xueran
xueranzhengpao,primary,half-hp,tactical,1,add1,skip,300,True,True,-0.3333,1.6667,-1.4266,4.7051,-1.48667,0.05,-0.33,-0.31,346,377,0,0,445,444,0,97,0,0,lowhp-xueran
xueranzhengpao,primary,half-hp,tactical,1,add2,skip,300,True,True,0,2.3333,-0.619,5.2088,-2.57,-0.25,-0.50333,-0.47667,572,660,0,0,782,780,0,102,0,0,lowhp-xueran
xueranzhengpao,primary,half-hp,tactical,1,replace,tingqiang,300,True,True,-1.6667,0.3333,-2.0983,2.754,-1.92,-0.38333,-0.1,-0.08,346,377,0,0,445,444,0,97,0,0,lowhp-xueran
xueranzhengpao,primary,buffer,greedy,0,add1,skip,300,True,True,-1.0,4.6667,-3.6956,12.8752,-2.50333,-0.62333,-2.1,-1.77,1038,1061,0,0,1160,1061,5,0,0,0,lowhp-xueran
xueranzhengpao,primary,buffer,greedy,0,add2,skip,300,True,True,-6.0,10.6667,1.5408,19.4411,-4.33,-0.36667,-3.09333,-2.62,1684,1763,0,0,1957,1766,11,1,0,0,lowhp-xueran
xueranzhengpao,primary,buffer,greedy,0,replace,tingqiang,300,True,True,-8.0,-2.3333,-8.9004,4.3106,-3.06,-1.18,-0.89333,-0.56333,1038,1061,0,0,1160,1061,5,0,0,0,lowhp-xueran
xueranzhengpao,primary,buffer,greedy,1,add1,skip,300,True,True,10.3333,19.0,10.0834,27.2908,0.80333,3.38,-2.39,-2.18333,1004,1022,0,0,1124,1021,6,2,0,0,lowhp-xueran
xueranzhengpao,primary,buffer,greedy,1,add2,skip,300,True,True,21.6667,38.3333,29.5869,45.817,1.55,7.96333,-3.49,-3.27667,1586,1630,0,0,1819,1640,4,1,0,0,lowhp-xueran
xueranzhengpao,primary,buffer,greedy,1,replace,tingqiang,300,True,True,2.3333,11.0,3.1871,18.4505,0.06333,2.64,-1.15667,-0.95,1004,1022,0,0,1124,1021,6,2,0,0,lowhp-xueran
xueranzhengpao,primary,buffer,tactical,0,add1,skip,300,True,True,9.6667,13.6667,6.613,20.2701,0.33,3.58,-1.23333,-1.58333,720,1059,0,0,1440,1320,0,228,0,0,lowhp-xueran
xueranzhengpao,primary,buffer,tactical,0,add2,skip,300,True,True,10.6667,26.3333,18.4706,33.3286,-3.15667,4.43667,-2.32667,-2.79667,1211,1791,0,0,2430,2211,0,270,0,0,lowhp-xueran
xueranzhengpao,primary,buffer,tactical,0,replace,tingqiang,300,True,True,-11.3333,-7.3333,-14.5012,0.0761,-5.42,-2.17,0.20667,-0.14333,720,1059,0,0,1440,1320,0,228,0,0,lowhp-xueran
xueranzhengpao,primary,buffer,tactical,1,add1,skip,300,True,True,26.3333,34.3333,26.3183,41.2174,4.72333,10.15333,-2.56,-2.46,1051,1100,0,0,1342,1250,0,203,0,0,lowhp-xueran
xueranzhengpao,primary,buffer,tactical,1,add2,skip,300,True,True,36.6667,43.0,34.6025,49.981,5.03333,13.62,-4.34,-4.35333,1646,1733,0,0,2109,1926,0,240,0,0,lowhp-xueran
xueranzhengpao,primary,buffer,tactical,1,replace,tingqiang,300,True,True,-7.6667,0.3333,-6.1595,6.8152,-6.53333,-1.10333,-0.41667,-0.31667,1051,1100,0,0,1342,1250,0,203,0,0,lowhp-xueran
xueranzhengpao,primary,consecutive,greedy,0,add1,skip,300,True,True,-14.6667,0.3333,-5.704,6.3597,-8.25,-1.31333,-0.81333,-0.66667,1171,1192,0,0,1235,1191,1,274,0,0,lowhp-xueran
xueranzhengpao,primary,consecutive,greedy,0,add2,skip,300,True,True,-39.6667,-4.3333,-11.2238,2.6999,-14.28667,-4,-1.35,-1.01333,1991,2063,0,0,2159,2082,2,392,0,0,lowhp-xueran
xueranzhengpao,primary,consecutive,greedy,0,replace,tingqiang,300,True,True,-17.3333,-2.3333,-6.5008,1.911,-7.95,-1.01333,-0.43,-0.28333,1171,1192,0,0,1235,1191,1,274,0,0,lowhp-xueran
xueranzhengpao,primary,consecutive,greedy,1,add1,skip,300,True,True,-7.6667,2.6667,-2.7551,8.0006,-5.46,1.65333,-1.09,-0.99667,1151,1165,0,0,1209,1164,0,254,0,0,lowhp-xueran
xueranzhengpao,primary,consecutive,greedy,1,add2,skip,300,True,True,-10.6667,4.3333,-1.1083,9.6323,-8.69,2.93333,-1.84,-1.72333,1876,1898,0,0,1992,1920,0,332,0,0,lowhp-xueran
xueranzhengpao,primary,consecutive,greedy,1,replace,tingqiang,300,True,True,-10.6667,-0.3333,-4.3812,3.7255,-6.34333,0.77,-0.59667,-0.50333,1151,1165,0,0,1209,1164,0,254,0,0,lowhp-xueran
xueranzhengpao,primary,consecutive,tactical,0,add1,skip,300,True,True,-8.3333,-2.3333,-6.7471,2.1573,-7.78,-2.33333,-0.34333,-0.54333,709,1039,0,0,1194,1193,0,174,0,0,lowhp-xueran
xueranzhengpao,primary,consecutive,tactical,0,add2,skip,300,True,True,-18.6667,-0.6667,-4.5718,3.2604,-12.85,-4.30333,-0.5,-0.83,1155,1802,0,0,2102,2098,0,239,0,0,lowhp-xueran
xueranzhengpao,primary,consecutive,tactical,0,replace,tingqiang,300,True,True,-7.6667,-1.6667,-5.0529,1.7744,-7.44667,-2,0.04667,-0.15333,709,1039,0,0,1194,1193,0,174,0,0,lowhp-xueran
xueranzhengpao,primary,consecutive,tactical,1,add1,skip,300,True,True,-6.6667,0,-3.6513,3.6513,-6.85333,0.85,-0.94333,-1.03667,1054,1104,0,0,1167,1166,0,206,0,0,lowhp-xueran
xueranzhengpao,primary,consecutive,tactical,1,add2,skip,300,True,True,-10.0,0.6667,-2.6806,3.992,-8.98333,3.16333,-1.67333,-1.82333,1704,1797,0,0,1912,1909,0,258,0,0,lowhp-xueran
xueranzhengpao,primary,consecutive,tactical,1,replace,tingqiang,300,True,True,-7.0,-0.3333,-3.1617,2.506,-8.66,-0.95667,-0.18667,-0.28,1054,1104,0,0,1167,1166,0,206,0,0,lowhp-xueran
yibaoyuntian,watch,act1-bosses,greedy,0,add1,skip,300,True,True,-4.0,-3.6667,-13.1002,5.8877,-1.15,-1.20333,0.29333,0.28,27,29,0,0,809,738,0,8,0,0,after-watch
yibaoyuntian,watch,act1-bosses,greedy,0,add2,skip,300,True,True,-5.0,-6.0,-15.3987,3.5964,-1.00333,-1.16,0.37,0.35667,33,32,0,0,1537,1403,0,13,0,0,after-watch
yibaoyuntian,watch,act1-bosses,greedy,0,replace,shenzaicaoying,300,True,True,-2.3333,-2.3333,-5.2088,0.619,-0.79,-0.85,-0.05667,-0.05667,27,29,0,0,809,738,0,8,0,0,after-watch
yibaoyuntian,watch,act1-bosses,greedy,1,add1,skip,300,True,True,-4.0,-3.6667,-13.1002,5.8877,-1.15,-1.20333,0.29333,0.28,27,29,0,0,809,738,0,8,0,0,after-watch
yibaoyuntian,watch,act1-bosses,greedy,1,add2,skip,300,True,True,-5.0,-6.0,-15.3987,3.5964,-1.00333,-1.16,0.37,0.35667,33,32,0,0,1537,1403,0,13,0,0,after-watch
yibaoyuntian,watch,act1-bosses,greedy,1,replace,shenzaicaoying,300,True,True,-4.6667,-4.6667,-8.8891,-0.2905,-1.66,-1.72,-0.09333,-0.09333,27,29,0,0,809,738,0,8,0,0,after-watch
yibaoyuntian,watch,act1-bosses,tactical,0,add1,skip,300,True,True,-3.0,-1.6667,-8.9172,5.6387,-1.98667,-2.13667,0.22,0.22667,54,54,0,0,870,841,0,8,0,0,after-watch
yibaoyuntian,watch,act1-bosses,tactical,0,add2,skip,300,True,True,2.3333,2.0,-4.8533,8.7874,-3.45,-3.67,0.04667,0.06,122,123,0,0,1603,1556,0,20,0,0,after-watch
yibaoyuntian,watch,act1-bosses,tactical,0,replace,shenzaicaoying,300,True,True,-3.3333,-3.3333,-9.1585,2.6016,-6.59333,-6.57667,-0.19667,-0.22,54,54,0,0,870,841,0,8,0,0,after-watch
yibaoyuntian,watch,act1-bosses,tactical,1,add1,skip,300,True,True,-0.6667,0.3333,-6.7069,7.3626,-1.37333,-1.5,0.26667,0.25667,93,93,0,0,850,825,0,14,0,0,after-watch
yibaoyuntian,watch,act1-bosses,tactical,1,add2,skip,300,True,True,4.3333,4.6667,-2.0112,11.1908,-1.96,-1.96667,0.09333,0.10333,183,177,0,0,1590,1539,0,20,0,0,after-watch
yibaoyuntian,watch,act1-bosses,tactical,1,replace,shenzaicaoying,300,True,True,-5.0,-4.3333,-9.8219,1.2979,-7.28,-7.29667,0.15,0.09333,93,93,0,0,850,825,0,14,0,0,after-watch
yibaoyuntian,watch,debuffs,greedy,0,add1,skip,300,True,True,-1.3333,-1.0,-8.7372,6.7702,-1.37,-1.49333,0.16333,0.2,28,29,0,0,669,597,0,7,0,0,after-watch
yibaoyuntian,watch,debuffs,greedy,0,add2,skip,300,True,True,-3.0,-4.3333,-12.0771,3.5531,-2.03667,-2.31333,0.32667,0.32,66,67,0,0,1274,1133,0,11,0,0,after-watch
yibaoyuntian,watch,debuffs,greedy,0,replace,shenzaicaoying,300,True,True,-0.3333,-0.3333,-2.2543,1.5986,-0.62333,-0.45333,-0.04,-0.05,28,29,0,0,669,597,0,7,0,0,after-watch
yibaoyuntian,watch,debuffs,greedy,1,add1,skip,300,True,True,-1.3333,-1.0,-8.7372,6.7702,-1.35667,-1.49333,0.16333,0.2,28,29,0,0,669,597,0,7,0,0,after-watch
yibaoyuntian,watch,debuffs,greedy,1,add2,skip,300,True,True,-3.0,-4.3333,-12.0771,3.5531,-2.03667,-2.31333,0.32667,0.32,66,67,0,0,1274,1133,0,11,0,0,after-watch
yibaoyuntian,watch,debuffs,greedy,1,replace,shenzaicaoying,300,True,True,-1.0,-1.0,-3.7625,1.7955,-1.44,-1.48667,-0.04667,-0.04333,28,29,0,0,669,597,0,7,0,0,after-watch
yibaoyuntian,watch,debuffs,tactical,0,add1,skip,300,True,True,0.3333,0.3333,-1.5986,2.2543,-0.16,-0.45333,0.15333,0.14667,56,56,0,0,584,557,0,4,0,0,after-watch
yibaoyuntian,watch,debuffs,tactical,0,add2,skip,300,True,True,0,0,-2.2058,2.2058,-2.50333,-2.77,0.31333,0.30667,112,111,0,0,1140,1091,0,15,0,0,after-watch
yibaoyuntian,watch,debuffs,tactical,0,replace,shenzaicaoying,300,True,True,0,0,-1.647,1.647,-2.04,-2.51667,-0.11333,-0.10333,56,56,0,0,584,557,0,4,0,0,after-watch
yibaoyuntian,watch,debuffs,tactical,1,add1,skip,300,True,True,0.3333,0.3333,-1.5986,2.2543,0.24,-0.08333,0.13667,0.14,77,78,0,0,593,565,0,4,0,0,after-watch
yibaoyuntian,watch,debuffs,tactical,1,add2,skip,300,True,True,0,0,-2.2058,2.2058,-2.05667,-2.16,0.27667,0.27667,141,141,0,0,1131,1078,0,19,0,0,after-watch
yibaoyuntian,watch,debuffs,tactical,1,replace,shenzaicaoying,300,True,True,0,0,-1.647,1.647,-3.47,-4.02,-0.02,0.00667,77,78,0,0,593,565,0,4,0,0,after-watch
wuguanliujiang,watch,anger-summon,greedy,0,add1,skip,300,True,True,-0.3333,-0.3333,-2.2543,1.5986,-1.39,-1.50333,0.30333,0.31667,13,13,0,0,504,457,0,0,0,0,after-watch
wuguanliujiang,watch,anger-summon,greedy,0,add2,skip,300,True,True,-0.6667,-0.6667,-2.8024,1.4911,-2.93667,-3.15333,0.61,0.62333,48,48,0,0,980,899,0,2,0,0,after-watch
wuguanliujiang,watch,anger-summon,greedy,0,replace,yiyong,300,True,True,0,0,-1.647,1.647,-0.13667,-0.13667,0.01333,0.01333,13,13,0,0,504,457,0,0,0,0,after-watch
wuguanliujiang,watch,anger-summon,greedy,1,add1,skip,300,True,True,-0.3333,-0.3333,-2.2543,1.5986,-1.37,-1.48333,0.29333,0.30667,13,13,0,0,504,457,0,0,0,0,after-watch
wuguanliujiang,watch,anger-summon,greedy,1,add2,skip,300,True,True,-0.6667,-0.6667,-2.8024,1.4911,-2.86,-3.07667,0.6,0.61333,48,48,0,0,979,898,0,2,0,0,after-watch
wuguanliujiang,watch,anger-summon,greedy,1,replace,yiyong,300,True,True,0,0,-1.647,1.647,-0.20333,-0.20333,0.01333,0.01333,13,13,0,0,504,457,0,0,0,0,after-watch
wuguanliujiang,watch,anger-summon,tactical,0,add1,skip,300,True,True,0,0,-2.2058,2.2058,-2.28667,-2.15667,0.08667,0.11,94,97,0,0,501,497,0,15,0,0,after-watch
wuguanliujiang,watch,anger-summon,tactical,0,add2,skip,300,True,True,0.3333,0.3333,-1.5986,2.2543,-3.85667,-3.97333,0.26,0.27333,206,202,0,0,964,949,0,21,0,0,after-watch
wuguanliujiang,watch,anger-summon,tactical,0,replace,yiyong,300,True,True,-0.3333,-0.3333,-2.2543,1.5986,-2.11333,-1.97667,0.57,0.57333,94,97,0,0,501,497,0,15,0,0,after-watch
wuguanliujiang,watch,anger-summon,tactical,1,add1,skip,300,True,True,0,0,-2.2058,2.2058,-2.84,-2.68,0.05333,0.07,163,161,0,0,436,433,0,15,0,0,after-watch
wuguanliujiang,watch,anger-summon,tactical,1,add2,skip,300,True,True,0.3333,0.3333,-1.5986,2.2543,-4.08333,-4.04,0.26333,0.27333,312,307,0,0,877,867,0,22,0,0,after-watch
wuguanliujiang,watch,anger-summon,tactical,1,replace,yiyong,300,True,True,-0.3333,-0.3333,-2.2543,1.5986,-3.5,-3.25333,0.82333,0.82,163,161,0,0,436,433,0,15,0,0,after-watch
wuguanliujiang,watch,act1-bosses,greedy,0,add1,skip,300,True,True,-6.3333,-6.0,-15.3987,3.5964,-1.79333,-1.84667,0.24667,0.23333,62,64,0,0,764,714,0,25,0,0,after-watch
wuguanliujiang,watch,act1-bosses,greedy,0,add2,skip,300,True,True,-8.6667,-10.0,-19.3888,-0.2818,-1.78333,-1.99,0.34333,0.33,121,119,0,0,1472,1377,0,28,0,0,after-watch
wuguanliujiang,watch,act1-bosses,greedy,0,replace,yiyong,300,True,True,-4.3333,-4.6667,-8.2214,-0.9583,-1.25667,-1.33667,0.06667,0.07333,62,64,0,0,764,714,0,25,0,0,after-watch
wuguanliujiang,watch,act1-bosses,greedy,1,add1,skip,300,True,True,-6.0,-5.6667,-15.0381,3.8914,-1.78667,-1.84,0.24333,0.23,62,64,0,0,764,714,0,25,0,0,after-watch
wuguanliujiang,watch,act1-bosses,greedy,1,add2,skip,300,True,True,-8.3333,-9.6667,-19.0323,0.0174,-1.73667,-1.94333,0.34,0.32667,121,119,0,0,1472,1377,0,28,0,0,after-watch
wuguanliujiang,watch,act1-bosses,greedy,1,replace,yiyong,300,True,True,-5.3333,-5.3333,-9.0451,-1.4459,-1.74333,-1.81333,0.10333,0.10667,62,64,0,0,764,714,0,25,0,0,after-watch
wuguanliujiang,watch,act1-bosses,tactical,0,add1,skip,300,True,True,-2.0,-1.3333,-8.6541,6.0313,-2.37,-2.57667,0.18,0.2,181,176,0,0,739,729,0,35,0,0,after-watch
wuguanliujiang,watch,act1-bosses,tactical,0,add2,skip,300,True,True,-6.6667,-6.0,-13.374,1.5716,-5.70333,-5.36333,0.09667,0.09667,343,340,0,0,1343,1326,0,68,0,0,after-watch
wuguanliujiang,watch,act1-bosses,tactical,0,replace,yiyong,300,True,True,-11.6667,-12.0,-17.4381,-6.1666,-10.37,-10.45333,1.70667,1.68667,181,176,0,0,739,729,0,35,0,0,after-watch
wuguanliujiang,watch,act1-bosses,tactical,1,add1,skip,300,True,True,-3.6667,-3.3333,-10.5894,4.0325,-3.68333,-3.74667,0.20333,0.23,230,227,0,0,607,597,0,25,0,0,after-watch
wuguanliujiang,watch,act1-bosses,tactical,1,add2,skip,300,True,True,-8.6667,-9.6667,-16.9784,-2.0365,-5.34333,-5.33,0.14,0.14667,448,443,0,0,1126,1110,0,48,0,0,after-watch
wuguanliujiang,watch,act1-bosses,tactical,1,replace,yiyong,300,True,True,-15.6667,-15.3333,-20.5635,-9.598,-15.85,-15.86,2.50667,2.46667,230,227,0,0,607,597,0,25,0,0,after-watch
fengjinguayin,watch,act1-bosses,greedy,0,add1,skip,300,True,True,-5.6667,-5.3333,-14.6769,4.1859,-1.44667,-1.5,0.24667,0.23333,74,77,0,0,814,760,0,117,0,0,after-watch
fengjinguayin,watch,act1-bosses,greedy,0,add2,skip,300,True,True,-6.0,-7.3333,-16.6823,2.2572,-0.80333,-0.99667,0.3,0.28667,152,150,0,0,1490,1392,0,200,0,0,after-watch
fengjinguayin,watch,act1-bosses,greedy,0,replace,qianlizoudanqi,300,True,True,-2.6667,-2.6667,-6.9254,1.6799,-0.57667,-0.51667,0.01667,0.01333,74,77,0,0,814,760,0,117,0,0,after-watch
fengjinguayin,watch,act1-bosses,greedy,1,add1,skip,300,True,True,-5.3333,-5.0,-14.3935,4.5583,-1.35333,-1.40667,0.24667,0.23333,75,78,0,0,814,760,0,171,0,0,after-watch
fengjinguayin,watch,act1-bosses,greedy,1,add2,skip,300,True,True,-5.6667,-7.3333,-16.6823,2.2572,-0.78333,-0.98333,0.29,0.27667,154,152,0,0,1485,1388,0,328,0,0,after-watch
fengjinguayin,watch,act1-bosses,greedy,1,replace,qianlizoudanqi,300,True,True,-3.0,-3.0,-7.3458,1.4446,-0.65667,-0.77667,-0.01333,-0.00667,75,78,0,0,814,760,0,171,0,0,after-watch
fengjinguayin,watch,act1-bosses,tactical,0,add1,skip,300,True,True,1.6667,2.0,-4.8533,8.7874,0.42333,0.32333,-0.22,-0.23667,294,295,0,0,508,501,0,74,0,0,after-watch
fengjinguayin,watch,act1-bosses,tactical,0,add2,skip,300,True,True,2.6667,2.6667,-4.1844,9.4299,2.16667,2.07667,-0.53333,-0.48333,518,516,0,0,1046,1040,0,106,0,0,after-watch
fengjinguayin,watch,act1-bosses,tactical,0,replace,qianlizoudanqi,300,True,True,-2.0,-2.3333,-8.1289,3.5391,-4.39333,-4.90333,0.44333,0.41,294,295,0,0,508,501,0,74,0,0,after-watch
fengjinguayin,watch,act1-bosses,tactical,1,add1,skip,300,True,True,6.0,6.0,-0.9211,12.7235,4.94333,4.74667,-0.60667,-0.58667,312,313,0,0,448,440,0,201,0,0,after-watch
fengjinguayin,watch,act1-bosses,tactical,1,add2,skip,300,True,True,3.6667,4.3333,-2.4245,10.9485,6.52667,6.74,-0.90333,-0.87333,565,566,0,0,932,922,0,451,0,0,after-watch
fengjinguayin,watch,act1-bosses,tactical,1,replace,qianlizoudanqi,300,True,True,2.6667,2.3333,-3.3678,7.9576,-0.04,-0.34667,0.06667,0.05,312,313,0,0,448,440,0,201,0,0,after-watch
fengjinguayin,watch,discard-exhaust-shuffle,greedy,0,add1,skip,300,True,True,2.6667,2.6667,-6.2613,11.5068,-0.75667,-0.75667,0.30667,0.30667,59,59,0,0,768,710,0,61,0,0,after-watch
fengjinguayin,watch,discard-exhaust-shuffle,greedy,0,add2,skip,300,True,True,2.3333,2.3333,-6.4576,11.0474,-1.12667,-1.12667,0.42,0.42,161,161,0,0,1433,1349,0,139,0,0,after-watch
fengjinguayin,watch,discard-exhaust-shuffle,greedy,0,replace,qianlizoudanqi,300,True,True,0.3333,0.3333,-3.4608,4.1165,-0.24333,-0.24333,-0.03,-0.03,59,59,0,0,768,710,0,61,0,0,after-watch
fengjinguayin,watch,discard-exhaust-shuffle,greedy,1,add1,skip,300,True,True,2.3333,2.3333,-6.6363,11.2261,-0.61,-0.61,0.3,0.3,59,59,0,0,768,710,0,100,0,0,after-watch
fengjinguayin,watch,discard-exhaust-shuffle,greedy,1,add2,skip,300,True,True,3.3333,3.3333,-5.2283,11.7851,-0.81,-0.81,0.38333,0.38333,170,170,0,0,1404,1327,0,274,0,0,after-watch
fengjinguayin,watch,discard-exhaust-shuffle,greedy,1,replace,qianlizoudanqi,300,True,True,0.3333,0.3333,-3.9723,4.628,0.20667,0.20667,-0.03,-0.03,59,59,0,0,768,710,0,100,0,0,after-watch
fengjinguayin,watch,discard-exhaust-shuffle,tactical,0,add1,skip,300,True,True,-1.0,-1.0,-7.0099,5.0429,-1.28667,-1.28667,-0.09667,-0.09667,272,272,0,0,450,425,0,51,0,0,after-watch
fengjinguayin,watch,discard-exhaust-shuffle,tactical,0,add2,skip,300,True,True,1.0,1.0,-4.3543,6.3214,-0.71333,-0.71333,-0.55667,-0.55667,490,490,0,0,993,934,0,82,0,0,after-watch
fengjinguayin,watch,discard-exhaust-shuffle,tactical,0,replace,qianlizoudanqi,300,True,True,0.3333,0.3333,-4.8285,5.4842,-0.90333,-0.90333,-0.00667,-0.00667,272,272,0,0,450,425,0,51,0,0,after-watch
fengjinguayin,watch,discard-exhaust-shuffle,tactical,1,add1,skip,300,True,True,-1.0,-1.0,-7.1671,5.2,2.58333,2.58333,-0.44667,-0.44667,283,283,0,0,411,385,0,118,0,0,after-watch
fengjinguayin,watch,discard-exhaust-shuffle,tactical,1,add2,skip,300,True,True,1.3333,1.3333,-3.9252,6.548,4.59333,4.59333,-1.09333,-1.09333,528,528,0,0,864,820,0,314,0,0,after-watch
fengjinguayin,watch,discard-exhaust-shuffle,tactical,1,replace,qianlizoudanqi,300,True,True,-1.6667,-1.6667,-6.568,3.2896,1.20667,1.20667,-0.19667,-0.19667,283,283,0,0,411,385,0,118,0,0,after-watch
juantuchonglai,watch,act1-bosses,greedy,0,add1,skip,300,True,True,-5.3333,-4.6667,-14.1094,4.9298,-1.86333,-1.86333,0.25333,0.23333,71,73,0,0,814,763,0,8,0,0,after-watch
juantuchonglai,watch,act1-bosses,greedy,0,add2,skip,300,True,True,-8.0,-9.3333,-18.6754,0.3162,-1.54667,-1.73667,0.39,0.38,132,131,0,0,1527,1423,0,9,0,0,after-watch
juantuchonglai,watch,act1-bosses,greedy,0,replace,guanzhen,300,True,True,-3.3333,-1.6667,-10.6621,7.3837,-1.61333,-1.51,0.12333,0.11333,71,73,0,0,814,763,0,8,0,0,after-watch
juantuchonglai,watch,act1-bosses,greedy,1,add1,skip,300,True,True,-2.0,-3.3333,-13.038,6.4811,0.09667,-0.06333,0.02333,0.01,297,297,0,0,402,398,0,0,0,0,after-watch
juantuchonglai,watch,act1-bosses,greedy,1,add2,skip,300,True,True,-1.0,-2.0,-11.9481,8.014,1.09667,1.00333,-0.06,-0.07333,583,583,0,0,720,711,0,4,0,0,after-watch
juantuchonglai,watch,act1-bosses,greedy,1,replace,guanzhen,300,True,True,0.3333,-0.6667,-9.5524,8.241,0.09333,-0.04333,-0.04667,-0.03333,297,297,0,0,402,398,0,0,0,0,after-watch
juantuchonglai,watch,act1-bosses,tactical,0,add1,skip,300,True,True,-1.6667,-1.3333,-8.7744,6.1516,-0.43333,-0.56333,0.05667,0.13667,194,194,0,0,821,809,0,5,0,0,after-watch
juantuchonglai,watch,act1-bosses,tactical,0,add2,skip,300,True,True,-2.3333,-1.6667,-8.5319,5.2535,-1.56,-1.39,0.14,0.12,354,350,0,0,1509,1489,0,9,0,0,after-watch
juantuchonglai,watch,act1-bosses,tactical,0,replace,guanzhen,300,True,True,-4.6667,-5.3333,-11.005,0.514,-3.37,-3.84,0.10667,0.18333,194,194,0,0,821,809,0,5,0,0,after-watch
juantuchonglai,watch,act1-bosses,tactical,1,add1,skip,300,True,True,1.6667,1.3333,-5.0946,7.7173,2.89333,2.69,-0.19,-0.19,316,316,0,0,443,443,0,8,0,0,after-watch
juantuchonglai,watch,act1-bosses,tactical,1,add2,skip,300,True,True,2.0,2.6667,-4.1844,9.4299,4.14333,4.61,-0.33667,-0.33667,605,602,0,0,861,860,0,14,0,0,after-watch
juantuchonglai,watch,act1-bosses,tactical,1,replace,guanzhen,300,True,True,0,-1.0,-6.8473,4.8802,-1.16,-1.47,-0.08,-0.13333,316,316,0,0,443,443,0,8,0,0,after-watch
juantuchonglai,watch,discard-exhaust-shuffle,greedy,0,add1,skip,300,True,True,-0.3333,-0.3333,-9.0909,8.4352,-1.3,-1.3,0.31667,0.31667,59,59,0,0,768,710,0,0,0,0,after-watch
juantuchonglai,watch,discard-exhaust-shuffle,greedy,0,add2,skip,300,True,True,-5.0,-5.0,-13.2459,3.4106,-2.27667,-2.27667,0.36667,0.36667,137,137,0,0,1438,1347,0,0,0,0,after-watch
juantuchonglai,watch,discard-exhaust-shuffle,greedy,0,replace,guanzhen,300,True,True,-1.0,-1.0,-8.624,6.6569,-0.2,-0.2,0.05,0.05,59,59,0,0,768,710,0,0,0,0,after-watch
juantuchonglai,watch,discard-exhaust-shuffle,greedy,1,add1,skip,300,True,True,5.3333,5.3333,-3.8594,14.3504,-0.58667,-0.58667,0.22,0.22,228,228,0,0,431,431,0,1,0,0,after-watch
juantuchonglai,watch,discard-exhaust-shuffle,greedy,1,add2,skip,300,True,True,2.0,2.0,-6.8336,10.7677,-0.60667,-0.60667,0.22667,0.22667,483,483,0,0,827,827,0,4,0,0,after-watch
juantuchonglai,watch,discard-exhaust-shuffle,greedy,1,replace,guanzhen,300,True,True,6.0,6.0,-1.4488,13.2512,0.75333,0.75333,-0.05,-0.05,228,228,0,0,431,431,0,1,0,0,after-watch
juantuchonglai,watch,discard-exhaust-shuffle,tactical,0,add1,skip,300,True,True,-5.0,-5.0,-11.7173,1.882,-3.44333,-3.44333,0.34667,0.34667,137,137,0,0,904,850,0,11,0,0,after-watch
juantuchonglai,watch,discard-exhaust-shuffle,tactical,0,add2,skip,300,True,True,-1.0,-1.0,-6.6787,4.7117,-2.95,-2.95,0.09667,0.09667,299,299,0,0,1737,1600,0,21,0,0,after-watch
juantuchonglai,watch,discard-exhaust-shuffle,tactical,0,replace,guanzhen,300,True,True,-3.3333,-3.3333,-9.9288,3.372,-0.19667,-0.19667,-0.03,-0.03,137,137,0,0,904,850,0,11,0,0,after-watch
juantuchonglai,watch,discard-exhaust-shuffle,tactical,1,add1,skip,300,True,True,0,0,-5.9521,5.9521,0.09667,0.09667,0.11,0.11,287,287,0,0,397,397,0,1,0,0,after-watch
juantuchonglai,watch,discard-exhaust-shuffle,tactical,1,add2,skip,300,True,True,-1.0,-1.0,-7.0099,5.0429,-1.77333,-1.77333,-0.10667,-0.10667,550,550,0,0,892,892,0,0,0,0,after-watch
juantuchonglai,watch,discard-exhaust-shuffle,tactical,1,replace,guanzhen,300,True,True,1.3333,1.3333,-4.4635,7.0862,2.03,2.03,-0.16,-0.16,287,287,0,0,397,397,0,1,0,0,after-watch
shunpinghou,watch,guard-single-multihit,greedy,0,add1,skip,300,True,True,-6.6667,-6.6667,-13.1976,0.0839,-2.44,-2.44,0.03667,0.03667,22,22,0,0,920,898,0,2,0,0,lowhp-shunping
shunpinghou,watch,guard-single-multihit,greedy,0,add2,skip,300,True,True,-12.3333,-12.3333,-18.6285,-5.6319,-3.12667,-3.12667,0.19667,0.19667,32,32,0,0,1768,1735,0,0,0,0,lowhp-shunping
shunpinghou,watch,guard-single-multihit,greedy,0,replace,huwei,300,True,True,-1.6667,-1.6667,-4.2884,1.01,-0.39667,-0.39667,-0.15667,-0.15667,22,22,0,0,920,898,0,2,0,0,lowhp-shunping
shunpinghou,watch,guard-single-multihit,greedy,1,add1,skip,300,True,True,-6.6667,-6.6667,-13.1976,0.0839,-2.41,-2.41,0.03667,0.03667,22,22,0,0,920,898,0,2,0,0,lowhp-shunping
shunpinghou,watch,guard-single-multihit,greedy,1,add2,skip,300,True,True,-12.0,-12.0,-18.4281,-5.1766,-3.05333,-3.05333,0.21333,0.21333,32,32,0,0,1771,1738,0,0,0,0,lowhp-shunping
shunpinghou,watch,guard-single-multihit,greedy,1,replace,huwei,300,True,True,-3.3333,-3.3333,-6.5305,-0.0263,-0.74667,-0.74667,-0.24,-0.24,22,22,0,0,920,898,0,2,0,0,lowhp-shunping
shunpinghou,watch,guard-single-multihit,tactical,0,add1,skip,300,True,True,18.0,18.0,11.1324,24.2746,10.11333,10.11333,1.25,1.25,295,295,0,0,401,401,0,7,0,0,lowhp-shunping
shunpinghou,watch,guard-single-multihit,tactical,0,add2,skip,300,True,True,21.3333,21.3333,14.8798,27.0841,15.98667,15.98667,2.00667,2.00667,580,580,0,0,918,918,0,17,0,0,lowhp-shunping
shunpinghou,watch,guard-single-multihit,tactical,0,replace,huwei,300,True,True,9.6667,9.6667,3.1999,15.815,7.43333,7.43333,0.59,0.59,295,295,0,0,401,401,0,7,0,0,lowhp-shunping
shunpinghou,watch,guard-single-multihit,tactical,1,add1,skip,300,True,True,20.6667,20.6667,13.9743,26.6782,16.28333,16.28333,1.29,1.29,296,296,0,0,345,345,0,4,0,0,lowhp-shunping
shunpinghou,watch,guard-single-multihit,tactical,1,add2,skip,300,True,True,22.6667,22.6667,16.0778,28.5089,21.29667,21.29667,1.96,1.96,590,590,0,0,807,807,0,16,0,0,lowhp-shunping
shunpinghou,watch,guard-single-multihit,tactical,1,replace,huwei,300,True,True,3.3333,3.3333,-2.43,8.9869,8.06667,8.06667,0.23,0.23,296,296,0,0,345,345,0,4,0,0,lowhp-shunping
shunpinghou,watch,act1-bosses,greedy,0,add1,skip,300,True,True,-6.0,-3.0,-12.2943,6.3932,-1.08667,-0.98667,0.18667,0.2,30,29,0,0,796,741,0,8,0,0,lowhp-shunping
shunpinghou,watch,act1-bosses,greedy,0,add2,skip,300,True,True,-9.3333,-9.6667,-18.793,-0.2219,-1.35667,-1.37333,0.36,0.37667,75,77,0,0,1527,1411,0,17,0,0,lowhp-shunping
shunpinghou,watch,act1-bosses,greedy,0,replace,huwei,300,True,True,-2.0,-1.3333,-5.7029,3.0802,-0.44,-0.41667,-0.05333,-0.05,30,29,0,0,796,741,0,8,0,0,lowhp-shunping
shunpinghou,watch,act1-bosses,greedy,1,add1,skip,300,True,True,-6.0,-2.6667,-12.0094,6.7639,-1.02333,-0.90333,0.19,0.20667,30,29,0,0,796,741,0,8,0,0,lowhp-shunping
shunpinghou,watch,act1-bosses,greedy,1,add2,skip,300,True,True,-7.3333,-8.0,-17.1618,1.4253,-1.21333,-1.23333,0.4,0.41,76,78,0,0,1531,1415,0,17,0,0,lowhp-shunping
shunpinghou,watch,act1-bosses,greedy,1,replace,huwei,300,True,True,-3.6667,-2.6667,-7.1675,1.922,-0.71333,-0.65,-0.09667,-0.1,30,29,0,0,796,741,0,8,0,0,lowhp-shunping
shunpinghou,watch,act1-bosses,tactical,0,add1,skip,300,True,True,8.0,7.3333,-0.4437,14.8688,4.28,4.46,0.80333,0.74333,257,248,0,0,522,516,0,7,0,0,lowhp-shunping
shunpinghou,watch,act1-bosses,tactical,0,add2,skip,300,True,True,11.3333,11.0,3.7116,17.926,6.72667,7.00333,1.22667,1.13333,476,466,0,0,1097,1086,0,16,0,0,lowhp-shunping
shunpinghou,watch,act1-bosses,tactical,0,replace,huwei,300,True,True,1.6667,1.3333,-4.9446,7.5673,-1.06667,-0.74,0.2,0.17667,257,248,0,0,522,516,0,7,0,0,lowhp-shunping
shunpinghou,watch,act1-bosses,tactical,1,add1,skip,300,True,True,10.6667,9.6667,1.9127,17.1022,6.53,6.54333,0.85667,0.82,273,272,0,0,457,455,0,4,0,0,lowhp-shunping
shunpinghou,watch,act1-bosses,tactical,1,add2,skip,300,True,True,16.0,16.3333,9.1082,23.0205,10.87,11.17,1.36333,1.31667,509,504,0,0,998,990,0,15,0,0,lowhp-shunping
shunpinghou,watch,act1-bosses,tactical,1,replace,huwei,300,True,True,-0.6667,-0.6667,-6.4398,5.1284,-3.93333,-4.16667,0.11333,0.10333,273,272,0,0,457,455,0,4,0,0,lowhp-shunping
changbanpo,counterexample,combo-3qi,greedy,0,add1,skip,300,True,True,0,0,-6.7004,6.7004,0.44,0.44,-0.03,-0.03,594,594,123,123,697,609,0,56,0,0,after-counter
changbanpo,counterexample,combo-3qi,greedy,0,add2,skip,300,True,True,0.6667,0.6667,-6.5684,7.8798,1.67333,1.67333,0.01,0.01,981,981,182,182,1293,1125,0,79,0,0,after-counter
changbanpo,counterexample,combo-3qi,greedy,0,replace,qitanpanshe,300,True,True,-4.0,-4.0,-9.232,1.3638,-1.8,-1.8,0.24,0.24,594,594,123,123,697,609,0,56,0,0,after-counter
changbanpo,counterexample,combo-3qi,greedy,1,add1,skip,300,True,True,4.6667,4.6667,-1.5529,10.7325,4.21667,4.21667,-0.15333,-0.15333,602,602,53,53,685,602,0,55,0,0,after-counter
changbanpo,counterexample,combo-3qi,greedy,1,add2,skip,300,True,True,4.6667,4.6667,-1.8637,11.0433,6.84,6.84,-0.21,-0.21,960,960,100,100,1246,1078,0,76,0,0,after-counter
changbanpo,counterexample,combo-3qi,greedy,1,replace,qitanpanshe,300,True,True,-0.3333,-0.3333,-4.1165,3.4608,1.08,1.08,0.16333,0.16333,602,602,53,53,685,602,0,55,0,0,after-counter
changbanpo,counterexample,combo-3qi,tactical,0,add1,skip,300,True,True,6.6667,6.6667,-0.2289,13.3426,6.57667,6.57667,-0.36333,-0.36333,537,537,493,493,651,643,0,34,0,0,after-counter
changbanpo,counterexample,combo-3qi,tactical,0,add2,skip,300,True,True,6.3333,6.3333,-0.3583,12.8163,6.91333,6.91333,-0.46333,-0.46333,826,826,748,748,1174,1149,0,56,0,0,after-counter
changbanpo,counterexample,combo-3qi,tactical,0,replace,qitanpanshe,300,True,True,1.6667,1.6667,-3.2896,6.568,4.07,4.07,0.17333,0.17333,537,537,493,493,651,643,0,34,0,0,after-counter
changbanpo,counterexample,combo-3qi,tactical,1,add1,skip,300,True,True,8.3333,8.3333,2.4643,13.9278,10.64333,10.64333,-0.58667,-0.58667,591,591,490,490,642,634,0,24,0,0,after-counter
changbanpo,counterexample,combo-3qi,tactical,1,add2,skip,300,True,True,8.6667,8.6667,2.5467,14.5011,14.08333,14.08333,-0.86667,-0.86667,930,930,754,754,1123,1101,0,42,0,0,after-counter
changbanpo,counterexample,combo-3qi,tactical,1,replace,qitanpanshe,300,True,True,0.3333,0.3333,-4.204,4.8596,5.78667,5.78667,0.14333,0.14333,591,591,490,490,642,634,0,24,0,0,after-counter
changbanpo,counterexample,guard-single-multihit,greedy,0,add1,skip,300,True,True,-3.3333,-3.3333,-10.8301,4.2732,-3,-3,-0.69667,-0.69667,809,809,112,112,879,810,0,0,0,0,after-counter
changbanpo,counterexample,guard-single-multihit,greedy,0,add2,skip,300,True,True,-1.6667,-1.6667,-8.7921,5.5137,-4.24667,-4.24667,-1.07667,-1.07667,1225,1225,142,142,1542,1430,0,1,0,0,after-counter
changbanpo,counterexample,guard-single-multihit,greedy,0,replace,qitanpanshe,300,True,True,-5.6667,-5.6667,-11.8961,0.7494,-2.9,-2.9,0.11333,0.11333,809,809,112,112,879,810,0,0,0,0,after-counter
changbanpo,counterexample,guard-single-multihit,greedy,1,add1,skip,300,True,True,2.3333,2.3333,-5.0962,9.686,-0.57667,-0.57667,-0.75,-0.75,791,791,0,0,869,791,0,0,0,0,after-counter
changbanpo,counterexample,guard-single-multihit,greedy,1,add2,skip,300,True,True,8.6667,8.6667,1.1816,15.8663,-0.98,-0.98,-0.94333,-0.94333,1238,1238,0,0,1554,1432,0,0,0,0,after-counter
changbanpo,counterexample,guard-single-multihit,greedy,1,replace,qitanpanshe,300,True,True,-3.0,-3.0,-9.0883,3.1871,-0.92667,-0.92667,0.04667,0.04667,791,791,0,0,869,791,0,0,0,0,after-counter
changbanpo,counterexample,guard-single-multihit,tactical,0,add1,skip,300,True,True,7.6667,7.6667,-0.7084,15.7892,-0.46667,-0.46667,-0.25667,-0.25667,572,572,436,436,1103,1014,0,40,0,0,after-counter
changbanpo,counterexample,guard-single-multihit,tactical,0,add2,skip,300,True,True,7.0,7.0,-0.6069,14.3764,-1.42333,-1.42333,-0.54,-0.54,925,925,705,705,2034,1851,0,55,0,0,after-counter
changbanpo,counterexample,guard-single-multihit,tactical,0,replace,qitanpanshe,300,True,True,-4.3333,-4.3333,-11.0882,2.5643,-0.68667,-0.68667,0.16333,0.16333,572,572,436,436,1103,1014,0,40,0,0,after-counter
changbanpo,counterexample,guard-single-multihit,tactical,1,add1,skip,300,True,True,15.3333,15.3333,6.4646,23.697,2.59333,2.59333,-0.43667,-0.43667,721,721,470,470,1086,1004,0,35,0,0,after-counter
changbanpo,counterexample,guard-single-multihit,tactical,1,add2,skip,300,True,True,19.6667,19.6667,11.4951,27.1904,3.2,3.2,-0.82333,-0.82333,1175,1175,715,715,1962,1809,0,62,0,0,after-counter
changbanpo,counterexample,guard-single-multihit,tactical,1,replace,qitanpanshe,300,True,True,-4.6667,-4.6667,-11.7369,2.5573,-0.33667,-0.33667,0.26667,0.26667,721,721,470,470,1086,1004,0,35,0,0,after-counter
qiruchangban,counterexample,combo-3qi,greedy,0,add1,skip,300,True,True,-0.3333,-0.3333,-7.4904,6.8348,0.09667,0.09667,-0.13667,-0.13667,292,292,28,28,327,293,0,21,0,0,after-counter
qiruchangban,counterexample,combo-3qi,greedy,0,add2,skip,300,True,True,-4.0,-4.0,-11.3509,3.4827,-1.01667,-1.01667,-0.24,-0.24,570,570,57,57,728,625,0,45,0,0,after-counter
qiruchangban,counterexample,combo-3qi,greedy,0,replace,qitanpanshe,300,True,True,-4.3333,-4.3333,-10.0026,1.4787,-2.14333,-2.14333,0.13333,0.13333,292,292,28,28,327,293,0,21,0,0,after-counter
qiruchangban,counterexample,combo-3qi,greedy,1,add1,skip,300,True,True,1.0,1.0,-5.9164,7.8835,1.95333,1.95333,-0.24667,-0.24667,292,292,29,29,326,292,0,21,0,0,after-counter
qiruchangban,counterexample,combo-3qi,greedy,1,add2,skip,300,True,True,-0.6667,-0.6667,-7.7535,6.4422,1.77333,1.77333,-0.41,-0.41,566,566,57,57,720,620,0,41,0,0,after-counter
qiruchangban,counterexample,combo-3qi,greedy,1,replace,qitanpanshe,300,True,True,-4.0,-4.0,-9.232,1.3638,-1.18333,-1.18333,0.07,0.07,292,292,29,29,326,292,0,21,0,0,after-counter
qiruchangban,counterexample,combo-3qi,tactical,0,add1,skip,300,True,True,2.0,2.0,-5.1175,9.0516,3.66,3.66,-0.52,-0.52,271,271,63,63,401,392,0,24,0,0,after-counter
qiruchangban,counterexample,combo-3qi,tactical,0,add2,skip,300,True,True,4.3333,4.3333,-2.8316,11.3555,5.52,5.52,-0.89333,-0.89333,510,510,139,139,786,758,0,44,0,0,after-counter
qiruchangban,counterexample,combo-3qi,tactical,0,replace,qitanpanshe,300,True,True,-3.0,-3.0,-8.7603,2.8591,1.15333,1.15333,0.01667,0.01667,271,271,63,63,401,392,0,24,0,0,after-counter
qiruchangban,counterexample,combo-3qi,tactical,1,add1,skip,300,True,True,3.6667,3.6667,-3.1041,10.3167,5.22667,5.22667,-0.65,-0.65,286,286,44,44,361,357,0,18,0,0,after-counter
qiruchangban,counterexample,combo-3qi,tactical,1,add2,skip,300,True,True,7.0,7.0,0.3406,13.4288,9.78667,9.78667,-1.22,-1.22,543,543,122,122,737,717,0,30,0,0,after-counter
qiruchangban,counterexample,combo-3qi,tactical,1,replace,qitanpanshe,300,True,True,-4.3333,-4.3333,-8.9938,0.4699,0.37,0.37,0.08,0.08,286,286,44,44,361,357,0,18,0,0,after-counter
qiangchurulong,counterexample,guard-single-multihit,greedy,0,add1,skip,300,True,True,0.3333,0.3333,-7.3152,7.9709,-2.36333,-2.36333,-1.05,-1.05,762,762,0,0,840,762,0,0,0,0,after-counter
qiangchurulong,counterexample,guard-single-multihit,greedy,0,add2,skip,300,True,True,3.3333,3.3333,-4.2732,10.8301,-3.82333,-3.82333,-1.49333,-1.49333,1161,1161,0,0,1456,1350,0,0,0,0,after-counter
qiangchurulong,counterexample,guard-single-multihit,greedy,0,replace,lituizhanghe,300,True,True,-13.3333,-13.3333,-18.3415,-7.886,-3.85,-3.85,0.12667,0.12667,762,762,0,0,840,762,0,0,0,0,after-counter
qiangchurulong,counterexample,guard-single-multihit,greedy,1,add1,skip,300,True,True,9.6667,9.6667,1.6756,17.3393,0.09333,0.09333,-1.14333,-1.14333,742,742,0,0,830,742,0,0,0,0,after-counter
qiangchurulong,counterexample,guard-single-multihit,greedy,1,add2,skip,300,True,True,14.3333,14.3333,6.7452,21.4493,0.77,0.77,-1.61,-1.61,1127,1127,0,0,1439,1308,0,1,0,0,after-counter
qiangchurulong,counterexample,guard-single-multihit,greedy,1,replace,lituizhanghe,300,True,True,-12.3333,-12.3333,-17.5456,-6.7148,-4.87,-4.87,0.19667,0.19667,742,742,0,0,830,742,0,0,0,0,after-counter
qiangchurulong,counterexample,guard-single-multihit,tactical,0,add1,skip,300,True,True,17.0,17.0,8.8444,24.5956,2.16,2.16,-0.64,-0.64,603,603,290,290,1088,1008,0,4,0,0,after-counter
qiangchurulong,counterexample,guard-single-multihit,tactical,0,add2,skip,300,True,True,25.0,25.0,16.4924,32.6841,2.6,2.6,-1.28333,-1.28333,907,907,430,430,1858,1716,0,3,0,0,after-counter
qiangchurulong,counterexample,guard-single-multihit,tactical,0,replace,lituizhanghe,300,True,True,-13.6667,-13.6667,-21.3623,-5.5208,-4.62333,-4.62333,0.56333,0.56333,603,603,290,290,1088,1008,0,4,0,0,after-counter
qiangchurulong,counterexample,guard-single-multihit,tactical,1,add1,skip,300,True,True,29.0,29.0,20.7704,36.2743,6.26667,6.26667,-1.03,-1.03,673,673,361,361,1031,949,0,5,0,0,after-counter
qiangchurulong,counterexample,guard-single-multihit,tactical,1,add2,skip,300,True,True,37.6667,37.6667,29.1079,44.9846,8.42333,8.42333,-1.89,-1.89,958,958,506,506,1740,1615,0,5,0,0,after-counter
qiangchurulong,counterexample,guard-single-multihit,tactical,1,replace,lituizhanghe,300,True,True,-12.0,-12.0,-19.167,-4.4377,-6.96667,-6.96667,0.77667,0.77667,673,673,361,361,1031,949,0,5,0,0,after-counter
juma,counterexample,guard-single-multihit,greedy,0,add1,skip,300,True,True,0.3333,0.3333,-7.0808,7.7365,-2.07,-2.07,-0.79,-0.79,760,760,0,0,866,812,0,0,0,0,after-counter
juma,counterexample,guard-single-multihit,greedy,0,add2,skip,300,True,True,5.3333,5.3333,-2.8161,13.3071,-2.17,-2.17,-1.10667,-1.10667,1322,1322,0,0,1545,1444,0,3,0,0,after-counter
juma,counterexample,guard-single-multihit,greedy,0,replace,hengsaoqianjun,300,True,True,3.6667,-3.0,-9.5395,3.6383,2.20333,0.17667,0.14,0.38333,760,760,0,0,866,812,0,0,0,0,after-counter
juma,counterexample,guard-single-multihit,greedy,1,add1,skip,300,True,True,6.6667,6.6667,-1.0095,14.1232,0.21333,0.21333,-0.86,-0.86,770,770,0,0,859,794,0,0,0,0,after-counter
juma,counterexample,guard-single-multihit,greedy,1,add2,skip,300,True,True,17.0,17.0,9.1031,24.3369,2.67,2.67,-1.29333,-1.29333,1341,1341,0,0,1495,1400,0,5,0,0,after-counter
juma,counterexample,guard-single-multihit,greedy,1,replace,hengsaoqianjun,300,True,True,7.0,-7.3333,-13.809,-0.6161,3.35667,-1.63667,0.24667,0.41667,770,770,0,0,859,794,0,0,0,0,after-counter
juma,counterexample,guard-single-multihit,tactical,0,add1,skip,300,True,True,13.0,13.0,5.179,20.3927,1.47,1.47,-0.45667,-0.45667,684,684,377,377,1090,1001,0,111,0,0,after-counter
juma,counterexample,guard-single-multihit,tactical,0,add2,skip,300,True,True,16.3333,16.3333,8.9468,23.1819,2.10333,2.10333,-0.86667,-0.86667,1194,1194,614,614,1995,1836,0,135,0,0,after-counter
juma,counterexample,guard-single-multihit,tactical,0,replace,hengsaoqianjun,300,True,True,12.0,1.3333,-5.24,7.8627,3.11667,0.43,-0.12667,0.11667,684,684,377,377,1090,1001,0,111,0,0,after-counter
juma,counterexample,guard-single-multihit,tactical,1,add1,skip,300,True,True,19.3333,19.3333,12.1198,25.91,4.43667,4.43667,-0.69333,-0.69333,869,869,462,462,1074,1002,0,120,0,0,after-counter
juma,counterexample,guard-single-multihit,tactical,1,add2,skip,300,True,True,25.6667,25.6667,18.4979,31.99,6.42,6.42,-1.43333,-1.43333,1397,1397,646,646,1838,1708,0,132,0,0,after-counter
juma,counterexample,guard-single-multihit,tactical,1,replace,hengsaoqianjun,300,True,True,12.0,-4.3333,-10.5013,1.9774,4.06,-1.74333,-0.15,0.40333,869,869,462,462,1074,1002,0,120,0,0,after-counter
juma,counterexample,starter-single-group,greedy,0,add1,skip,300,True,True,0,0,-1.647,1.647,-0.39333,-0.39333,-0.05667,-0.05667,325,325,0,0,530,517,0,0,0,0,after-counter
juma,counterexample,starter-single-group,greedy,0,add2,skip,300,True,True,0,0,-1.647,1.647,-0.40333,-0.40333,-0.17667,-0.17667,561,561,0,0,954,926,0,0,0,0,after-counter
juma,counterexample,starter-single-group,greedy,0,replace,hengsaoqianjun,300,True,True,0,0,-1.647,1.647,0.98333,-0.65667,-0.13333,0.21,325,325,0,0,530,517,0,0,0,0,after-counter
juma,counterexample,starter-single-group,greedy,1,add1,skip,300,True,True,0,0,-1.647,1.647,1.16333,1.16333,-0.32,-0.32,424,424,0,0,506,494,0,0,0,0,after-counter
juma,counterexample,starter-single-group,greedy,1,add2,skip,300,True,True,0,0,-1.647,1.647,2.06667,2.06667,-0.60333,-0.60333,684,684,0,0,850,825,0,0,0,0,after-counter
juma,counterexample,starter-single-group,greedy,1,replace,hengsaoqianjun,300,True,True,0,0,-1.647,1.647,1.65333,-1.27667,-0.15333,0.3,424,424,0,0,506,494,0,0,0,0,after-counter
juma,counterexample,starter-single-group,tactical,0,add1,skip,300,True,True,0,0,-1.647,1.647,0.01667,0.01667,-0.4,-0.4,325,325,8,8,505,505,0,13,0,0,after-counter
juma,counterexample,starter-single-group,tactical,0,add2,skip,300,True,True,0,0,-1.647,1.647,-0.29,-0.29,-0.59333,-0.59333,610,610,10,10,914,914,0,20,0,0,after-counter
juma,counterexample,starter-single-group,tactical,0,replace,hengsaoqianjun,300,True,True,0,0,-1.647,1.647,1.45333,0.35667,0.05333,0.4,325,325,8,8,505,505,0,13,0,0,after-counter
juma,counterexample,starter-single-group,tactical,1,add1,skip,300,True,True,0,0,-1.647,1.647,0.83667,0.83667,-0.61667,-0.61667,424,424,16,16,495,495,0,9,0,0,after-counter
juma,counterexample,starter-single-group,tactical,1,add2,skip,300,True,True,0,0,-1.647,1.647,0.98,0.98,-0.97,-0.97,666,666,11,11,828,828,0,18,0,0,after-counter
juma,counterexample,starter-single-group,tactical,1,replace,hengsaoqianjun,300,True,True,0,0,-1.647,1.647,1.54667,0.48667,0.12667,0.43,424,424,16,16,495,495,0,9,0,0,after-counter
yinqiang,counterexample,combo-3qi,greedy,0,add1,skip,300,True,True,2.0,2.0,-4.8533,8.7874,1.37333,1.37333,-0.26333,-0.26333,561,561,0,0,674,645,0,87,0,0,after-counter
yinqiang,counterexample,combo-3qi,greedy,0,add2,skip,300,True,True,3.0,3.0,-3.7795,9.6807,1.96,1.96,-0.49333,-0.49333,1032,1032,0,0,1291,1216,0,121,0,0,after-counter
yinqiang,counterexample,combo-3qi,greedy,0,replace,tingqiang,300,True,True,-2.0,-2.0,-7.3717,3.4376,-1.08,-1.08,-0.05,-0.05,561,561,0,0,674,645,0,87,0,0,after-counter
yinqiang,counterexample,combo-3qi,greedy,1,add1,skip,300,True,True,8.0,8.0,2.3992,13.3373,6.05333,6.05333,-0.53333,-0.53333,631,631,0,0,658,631,0,69,0,0,after-counter
yinqiang,counterexample,combo-3qi,greedy,1,add2,skip,300,True,True,8.6667,8.6667,3.4078,13.6401,9.11667,9.11667,-0.94333,-0.94333,1140,1140,0,0,1204,1150,0,98,0,0,after-counter
yinqiang,counterexample,combo-3qi,greedy,1,replace,tingqiang,300,True,True,3.3333,3.3333,-1.2057,7.7626,2.87667,2.87667,-0.23667,-0.23667,631,631,0,0,658,631,0,69,0,0,after-counter
yinqiang,counterexample,combo-3qi,tactical,0,add1,skip,300,True,True,0.6667,0.6667,-6.8116,8.123,0.86667,0.86667,-0.21667,-0.21667,441,441,0,0,686,685,0,102,0,0,after-counter
yinqiang,counterexample,combo-3qi,tactical,0,add2,skip,300,True,True,2.6667,2.6667,-5.1694,10.4149,0.23667,0.23667,-0.28333,-0.28333,778,778,0,0,1302,1288,0,143,0,0,after-counter
yinqiang,counterexample,combo-3qi,tactical,0,replace,tingqiang,300,True,True,-1.3333,-1.3333,-7.2522,4.6295,-0.20333,-0.20333,0.10333,0.10333,441,441,0,0,686,685,0,102,0,0,after-counter
yinqiang,counterexample,combo-3qi,tactical,1,add1,skip,300,True,True,7.6667,7.6667,1.3699,13.7109,4.42667,4.42667,-0.48333,-0.48333,631,631,0,0,679,677,0,110,0,0,after-counter
yinqiang,counterexample,combo-3qi,tactical,1,add2,skip,300,True,True,10.0,10.0,4.2581,15.4125,8.03333,8.03333,-0.87,-0.87,1108,1108,0,0,1246,1235,0,136,0,0,after-counter
yinqiang,counterexample,combo-3qi,tactical,1,replace,tingqiang,300,True,True,0.3333,0.3333,-4.204,4.8596,-0.15667,-0.15667,0.14,0.14,631,631,0,0,679,677,0,110,0,0,after-counter
guanzhen,counterexample,discard-exhaust-shuffle,greedy,0,add1,skip,300,True,True,0.6667,0.6667,-7.7777,9.089,-1.1,-1.1,0.26667,0.26667,461,461,0,0,855,855,0,15,0,0,after-counter
guanzhen,counterexample,discard-exhaust-shuffle,greedy,0,add2,skip,300,True,True,-1.6667,-1.6667,-10.3051,7.0267,-1.41,-1.41,0.32667,0.32667,1012,1012,0,0,1745,1745,0,22,0,0,after-counter
guanzhen,counterexample,discard-exhaust-shuffle,greedy,0,replace,juantuchonglai,300,True,True,1.0,1.0,-6.6569,8.624,0.2,0.2,-0.05,-0.05,461,461,0,0,855,855,0,15,0,0,after-counter
guanzhen,counterexample,discard-exhaust-shuffle,greedy,1,add1,skip,300,True,True,-0.6667,-0.6667,-9.3725,8.0611,-1.34,-1.34,0.27,0.27,473,473,0,0,868,868,0,9,0,0,after-counter
guanzhen,counterexample,discard-exhaust-shuffle,greedy,1,add2,skip,300,True,True,0.6667,0.6667,-8.241,9.5524,-1.46,-1.46,0.37333,0.37333,1083,1083,0,0,1810,1810,0,15,0,0,after-counter
guanzhen,counterexample,discard-exhaust-shuffle,greedy,1,replace,juantuchonglai,300,True,True,-6.0,-6.0,-13.2512,1.4488,-0.75333,-0.75333,0.05,0.05,473,473,0,0,868,868,0,9,0,0,after-counter
guanzhen,counterexample,discard-exhaust-shuffle,tactical,0,add1,skip,300,True,True,-1.6667,-1.6667,-7.8127,4.5343,-3.24667,-3.24667,0.37667,0.37667,683,683,0,0,1548,1548,0,35,0,0,after-counter
guanzhen,counterexample,discard-exhaust-shuffle,tactical,0,add2,skip,300,True,True,-0.6667,-0.6667,-6.605,5.2936,-1.72333,-1.72333,0.1,0.1,1180,1180,0,0,2856,2856,1,39,0,0,after-counter
guanzhen,counterexample,discard-exhaust-shuffle,tactical,0,replace,juantuchonglai,300,True,True,3.3333,3.3333,-3.372,9.9288,0.19667,0.19667,0.03,0.03,683,683,0,0,1548,1548,0,35,0,0,after-counter
guanzhen,counterexample,discard-exhaust-shuffle,tactical,1,add1,skip,300,True,True,-1.3333,-1.3333,-6.914,4.2912,-1.93333,-1.93333,0.27,0.27,863,863,0,0,1578,1578,0,60,0,0,after-counter
guanzhen,counterexample,discard-exhaust-shuffle,tactical,1,add2,skip,300,True,True,-1.6667,-1.6667,-7.9655,4.6871,-0.22333,-0.22333,-0.10667,-0.10667,1424,1424,0,0,2942,2942,0,29,0,0,after-counter
guanzhen,counterexample,discard-exhaust-shuffle,tactical,1,replace,juantuchonglai,300,True,True,-1.3333,-1.3333,-7.0862,4.4635,-2.03,-2.03,0.16,0.16,863,863,0,0,1578,1578,0,60,0,0,after-counter
fubing,wip,starter-single-group,greedy,0,add1,skip,300,True,True,0,0,-1.647,1.647,2.24667,2.40667,0.66333,0.67333,644,679,523,558,806,771,0,0,0,0,after-wip-a
fubing,wip,starter-single-group,greedy,0,add2,skip,300,True,True,0,0,-1.647,1.647,2.96,3.07333,1.33667,1.33667,1324,1366,1113,1155,1559,1519,0,0,0,0,after-wip-a
fubing,wip,starter-single-group,greedy,0,replace,tuntian,300,True,True,0,0,-1.647,1.647,-0.41333,-0.25333,0,0.01,644,679,523,558,806,771,0,0,0,0,after-wip-a
fubing,wip,starter-single-group,greedy,1,add1,skip,300,True,True,0,0,-1.647,1.647,2.66333,2.91667,0.66333,0.67333,644,679,523,558,810,775,0,0,0,0,after-wip-a
fubing,wip,starter-single-group,greedy,1,add2,skip,300,True,True,0,0,-1.647,1.647,3.61667,3.76667,1.33667,1.33667,1323,1366,1112,1155,1561,1521,0,0,0,0,after-wip-a
fubing,wip,starter-single-group,greedy,1,replace,tuntian,300,True,True,0,0,-1.647,1.647,-0.16333,0.09,0,0.01,644,679,523,558,810,775,0,0,0,0,after-wip-a
fubing,wip,starter-single-group,tactical,0,add1,skip,300,True,True,0,0,-1.647,1.647,1.23,1.52,0.61333,0.65,426,537,303,387,867,867,0,345,0,0,after-wip-a
fubing,wip,starter-single-group,tactical,0,add2,skip,300,True,True,0,0,-1.647,1.647,2.22,3.06,1.15,1.12333,790,998,546,717,1820,1820,0,633,0,0,after-wip-a
fubing,wip,starter-single-group,tactical,0,replace,tuntian,300,True,True,0,0,-1.647,1.647,-0.37667,-0.08667,-0.01,0.02667,426,537,303,387,867,867,0,345,0,0,after-wip-a
fubing,wip,starter-single-group,tactical,1,add1,skip,300,True,True,0,0,-1.647,1.647,1.71333,2.24,0.62667,0.65333,443,551,285,367,850,850,0,435,0,0,after-wip-a
fubing,wip,starter-single-group,tactical,1,add2,skip,300,True,True,0,0,-1.647,1.647,2.83333,3.78667,1.13333,1.08667,794,988,481,635,1782,1782,0,803,0,0,after-wip-a
fubing,wip,starter-single-group,tactical,1,replace,tuntian,300,True,True,0,0,-1.647,1.647,-0.15667,0.37,-0.00333,0.02333,443,551,285,367,850,850,0,435,0,0,after-wip-a
fubing,wip,tactics,greedy,0,add1,skip,300,True,True,-4.0,-4.6667,-13.8721,4.6925,-0.46667,-0.03,1.08667,1.55,1293,1469,1219,1395,1633,1507,0,425,0,0,after-wip-a
fubing,wip,tactics,greedy,0,add2,skip,300,True,False,-11.6667,,,,-1.25333,,2.29,,2524,2824,2380,2680,3190,2913,0,617,0,1,after-wip-a
fubing,wip,tactics,greedy,0,replace,tuntian,300,True,True,-2.6667,-3.3333,-8.2175,1.6606,-1.88,-1.44333,-0.14333,0.32,1293,1469,1219,1395,1633,1507,0,425,0,0,after-wip-a
fubing,wip,tactics,greedy,1,add1,skip,300,True,False,-1.3333,,,,1.38,,1.23333,,1308,1489,1234,1415,1653,1528,0,432,0,1,after-wip-a
fubing,wip,tactics,greedy,1,add2,skip,300,True,False,-6.0,,,,2.17667,,2.63,,2610,2895,2466,2751,3268,2986,0,654,0,1,after-wip-a
fubing,wip,tactics,greedy,1,replace,tuntian,300,True,False,-2.6667,,,,-1.85667,,-0.10667,,1308,1489,1234,1415,1653,1528,0,432,0,1,after-wip-a
fubing,wip,tactics,tactical,0,add1,skip,300,True,True,-5.3333,-3.3333,-9.1585,2.6016,-4.19333,-2.31333,1.23333,1.14,779,910,774,904,1418,1416,0,667,0,0,after-wip-a
fubing,wip,tactics,tactical,0,add2,skip,300,True,True,-9.3333,-5.0,-11.1218,1.2865,-4.51333,-0.20667,2.22,2.20333,1427,1797,1389,1757,2840,2832,0,1029,0,0,after-wip-a
fubing,wip,tactics,tactical,0,replace,tuntian,300,False,False,,,,,,,,,779,910,774,904,1418,1416,0,667,1,1,after-wip-a
fubing,wip,tactics,tactical,1,add1,skip,300,False,True,,-1.6667,-6.9614,3.6829,,1.9,,1.38333,905,1059,894,1047,1524,1521,0,882,1,0,after-wip-a
fubing,wip,tactics,tactical,1,add2,skip,300,True,False,-6.3333,,,,-0.01667,,2.34,,1541,2021,1486,1964,3157,3145,0,1418,0,1,after-wip-a
fubing,wip,tactics,tactical,1,replace,tuntian,300,False,True,,-0.6667,-6.2684,4.957,,-0.36,,0.11333,905,1059,894,1047,1524,1521,0,882,1,0,after-wip-a
guanxing,wip,act1-bosses,greedy,0,add1,skip,300,True,True,-12.3333,-4.6667,-13.6212,4.4416,-2.94667,-1.02333,-0.35333,0.34667,1009,819,0,0,1167,1036,0,26,0,0,after-wip-a
guanxing,wip,act1-bosses,greedy,0,add2,skip,300,True,True,-20.0,-8.0,-16.9096,1.1732,-4.85,-1.46667,-0.21333,0.52333,1895,1420,0,0,2230,1940,0,45,0,0,after-wip-a
guanxing,wip,act1-bosses,greedy,0,replace,muniuliuma,300,True,True,-0.6667,6.3333,-0.9151,13.3731,-0.47667,0.88333,0.01333,0.54333,1009,819,0,0,1167,1036,0,26,0,0,after-wip-a
guanxing,wip,act1-bosses,greedy,1,add1,skip,300,False,True,,-3.3333,-11.9736,5.4168,,0.42333,,0.04667,3091,912,0,0,1193,1073,0,25,1,0,after-wip-a
guanxing,wip,act1-bosses,greedy,1,add2,skip,300,True,True,-23.3333,0.3333,-8.4352,9.0909,-5.89333,1.38,0.12333,0.59,2142,1583,0,0,2420,2098,0,27,0,0,after-wip-a
guanxing,wip,act1-bosses,greedy,1,replace,muniuliuma,300,False,True,,-4.0,-11.701,3.8328,,-0.78,,0.31333,3091,912,0,0,1193,1073,0,25,1,0,after-wip-a
guanxing,wip,act1-bosses,tactical,0,add1,skip,300,True,True,-10.6667,-1.3333,-8.6541,6.0313,-4.9,0.44333,0.28,0.4,64,756,0,0,1157,1140,0,120,0,0,after-wip-a
guanxing,wip,act1-bosses,tactical,0,add2,skip,300,True,True,-16.6667,-1.3333,-8.7744,6.1516,-7.70333,1.89,0.31667,0.77,107,1367,0,0,2256,2196,0,194,0,0,after-wip-a
guanxing,wip,act1-bosses,tactical,0,replace,muniuliuma,300,True,True,-10.6667,-2.0,-8.3617,4.4276,-4.54667,1.06,-0.09667,0.21,64,756,0,0,1157,1140,0,120,0,0,after-wip-a
guanxing,wip,act1-bosses,tactical,1,add1,skip,300,True,True,-10.3333,8.3333,0.8983,15.4939,-4.15667,4.86333,0.75,0.26667,505,916,0,0,1203,1187,0,96,0,0,after-wip-a
guanxing,wip,act1-bosses,tactical,1,add2,skip,300,True,True,-15.6667,5.3333,-1.8768,12.3678,-5.57333,7.18333,1.16333,0.81,861,1780,0,0,2507,2473,0,164,0,0,after-wip-a
guanxing,wip,act1-bosses,tactical,1,replace,muniuliuma,300,True,False,-19.3333,,,,-10.47667,,0.95333,,505,916,0,0,1203,1187,0,96,0,1,after-wip-a
guanxing,wip,tactics,greedy,0,add1,skip,300,False,True,,-5.6667,-15.1154,3.9687,,-3.12333,,0.39667,960,1078,0,0,1382,1253,0,56,1,0,after-wip-a
guanxing,wip,tactics,greedy,0,add2,skip,300,True,True,-35.3333,-15.0,-23.9851,-5.5208,-11.84333,-6.14,0.04,0.57667,1953,1939,0,0,2693,2436,0,57,0,0,after-wip-a
guanxing,wip,tactics,greedy,0,replace,muniuliuma,300,False,True,,-1.3333,-9.8382,7.2155,,-0.94,,0.58333,960,1078,0,0,1382,1253,0,56,1,0,after-wip-a
guanxing,wip,tactics,greedy,1,add1,skip,300,True,True,-25.0,6.6667,-3.3695,16.4833,-9.70667,1.75,-0.01667,-0.25667,1330,1210,0,0,1380,1258,0,57,0,0,after-wip-a
guanxing,wip,tactics,greedy,1,add2,skip,300,False,True,,4.6667,-4.8521,14.0318,,2.21333,,-0.01,4548,2040,0,0,2865,2545,0,26,1,0,after-wip-a
guanxing,wip,tactics,greedy,1,replace,muniuliuma,300,True,True,-35.0,-3.3333,-11.688,5.1311,-14.47,-3.01333,0.53667,0.29667,1330,1210,0,0,1380,1258,0,57,0,0,after-wip-a
guanxing,wip,tactics,tactical,0,add1,skip,300,True,True,-5.3333,1.0,-4.5366,6.5036,-5.66667,3.64,0.41333,-0.00667,137,915,0,0,1200,1194,0,218,0,0,after-wip-a
guanxing,wip,tactics,tactical,0,add2,skip,300,True,True,-14.0,-1.0,-6.6787,4.7117,-10.68667,2.12667,1.18333,0.61667,267,1715,0,0,2515,2470,0,287,0,0,after-wip-a
guanxing,wip,tactics,tactical,0,replace,muniuliuma,300,True,True,-6.6667,-0.3333,-5.0785,4.4228,-7.79,1.51667,0.64667,0.22667,137,915,0,0,1200,1194,0,218,0,0,after-wip-a
guanxing,wip,tactics,tactical,1,add1,skip,300,True,True,-8.3333,4.0,-0.718,8.5863,-9.41,9.19333,1.01,-0.58667,638,1088,0,0,1226,1222,0,201,0,0,after-wip-a
guanxing,wip,tactics,tactical,1,add2,skip,300,True,True,-21.3333,4.6667,0.2905,8.8891,-15.12,16.02667,1.98333,-0.84333,1073,2083,0,0,2657,2644,0,227,0,0,after-wip-a
guanxing,wip,tactics,tactical,1,replace,muniuliuma,300,True,True,-11.6667,0.6667,-2.6806,3.992,-19.93333,-1.33,2.18,0.58333,638,1088,0,0,1226,1222,0,201,0,0,after-wip-a
jueying,wip,tactics,greedy,0,add1,skip,300,True,False,-11.0,,,,-4.24333,,0.24667,,575,537,0,0,1006,892,0,60,0,1,after-wip-a
jueying,wip,tactics,greedy,0,add2,skip,300,True,True,-23.0,-19.6667,-28.8912,-9.7943,-8.23,-8.04,0.30333,0.25,1195,1145,0,0,2078,1857,0,134,0,0,after-wip-a
jueying,wip,tactics,greedy,0,replace,duandao,300,False,False,,,,,,,,,575,537,0,0,1006,892,0,60,1,2,after-wip-a
jueying,wip,tactics,greedy,1,add1,skip,300,True,False,-11.3333,,,,-4.35,,0.25,,577,537,0,0,1004,889,0,59,0,1,after-wip-a
jueying,wip,tactics,greedy,1,add2,skip,300,True,True,-22.3333,-19.0,-28.2741,-9.1,-8.12333,-7.99667,0.28,0.23,1191,1145,0,0,2077,1856,0,134,0,0,after-wip-a
jueying,wip,tactics,greedy,1,replace,duandao,300,True,False,-6.0,,,,-3.21667,,-0.59667,,577,537,0,0,1004,889,0,59,0,1,after-wip-a
jueying,wip,tactics,tactical,0,add1,skip,300,True,True,-5.3333,-4.6667,-11.0433,1.8637,-6.17333,-4.35333,0.51,0.32667,0,335,0,0,959,954,0,119,0,0,after-wip-a
jueying,wip,tactics,tactical,0,add2,skip,300,True,True,-17.6667,-6.0,-12.4338,0.6314,-11.96667,-8.28667,1.16667,0.93333,0,673,0,0,1911,1893,0,252,0,0,after-wip-a
jueying,wip,tactics,tactical,0,replace,duandao,300,True,True,0.6667,1.3333,-5.24,7.8627,0.26,2.08,-0.65333,-0.83667,0,335,0,0,959,954,0,119,0,0,after-wip-a
jueying,wip,tactics,tactical,1,add1,skip,300,True,True,-5.6667,-3.3333,-9.4826,2.9257,-6.94667,-3.57,0.55333,0.39,0,451,0,0,1119,1112,0,184,0,0,after-wip-a
jueying,wip,tactics,tactical,1,add2,skip,300,True,True,-20.3333,-6.3333,-12.8163,0.3583,-13.44667,-9.25,1.20667,1.1,0,898,0,0,2218,2198,0,339,0,0,after-wip-a
jueying,wip,tactics,tactical,1,replace,duandao,300,True,True,2.0,4.3333,-2.5643,11.0882,-1.38667,1.99,-0.77,-0.93333,0,451,0,0,1119,1112,0,184,0,0,after-wip-a
jueying,wip,enemy-guard,greedy,0,add1,skip,300,True,True,0,0,-1.647,1.647,-0.16,0.24,0.18333,0.23667,172,167,0,0,500,398,0,3,0,0,after-wip-a
jueying,wip,enemy-guard,greedy,0,add2,skip,300,True,True,0.3333,-0.3333,-2.754,2.0983,-1.85333,-1.88667,0.27667,0.26333,290,257,0,0,808,655,0,5,0,0,after-wip-a
jueying,wip,enemy-guard,greedy,0,replace,duandao,300,True,True,0,0,-1.647,1.647,-0.06667,0.48333,-0.05,-0.06333,172,167,0,0,500,398,0,3,0,0,after-wip-a
jueying,wip,enemy-guard,greedy,1,add1,skip,300,True,True,0,0,-1.647,1.647,-0.07333,0.24,0.16667,0.23333,172,166,0,0,500,398,0,3,0,0,after-wip-a
jueying,wip,enemy-guard,greedy,1,add2,skip,300,True,True,0.3333,-0.3333,-2.754,2.0983,-1.85333,-1.82667,0.27,0.25,290,257,0,0,807,654,0,5,0,0,after-wip-a
jueying,wip,enemy-guard,greedy,1,replace,duandao,300,True,True,0,0,-1.647,1.647,-0.15667,0.45333,-0.04667,-0.04667,172,166,0,0,500,398,0,3,0,0,after-wip-a
jueying,wip,enemy-guard,tactical,0,add1,skip,300,True,True,0,0,-1.647,1.647,-0.19333,-0.16667,0.14333,0.08333,14,62,0,0,371,350,0,13,0,0,after-wip-a
jueying,wip,enemy-guard,tactical,0,add2,skip,300,True,True,0,0,-1.647,1.647,-0.96667,-0.53333,0.27333,0.17,27,122,0,0,633,597,0,26,0,0,after-wip-a
jueying,wip,enemy-guard,tactical,0,replace,duandao,300,True,True,0,0,-1.647,1.647,-0.21,-0.09333,-0.06333,-0.07667,14,62,0,0,371,350,0,13,0,0,after-wip-a
jueying,wip,enemy-guard,tactical,1,add1,skip,300,True,True,0,0,-1.647,1.647,-0.18667,-0.17333,0.15333,0.09667,14,63,0,0,374,353,0,15,0,0,after-wip-a
jueying,wip,enemy-guard,tactical,1,add2,skip,300,True,True,0,0,-1.647,1.647,-0.96667,-0.55333,0.27,0.17,27,125,0,0,634,598,0,24,0,0,after-wip-a
jueying,wip,enemy-guard,tactical,1,replace,duandao,300,True,True,0,0,-1.647,1.647,-0.11333,-0.13667,-0.07,-0.09333,14,63,0,0,374,353,0,15,0,0,after-wip-a
wolongchushan,wip,act1-bosses,greedy,0,add1,skip,300,True,True,6.0,8.6667,-1.0673,18.1151,2.39,4.36333,-0.51667,-0.68333,150,145,0,0,801,688,0,2,0,0,after-wip-b
wolongchushan,wip,act1-bosses,greedy,0,add2,skip,300,True,True,11.0,18.0,8.3409,27.0662,5.76667,9.12667,-0.91,-1.21667,296,270,0,0,1466,1216,0,7,0,0,after-wip-b
wolongchushan,wip,act1-bosses,greedy,0,replace,liufulong,300,True,True,2.6667,1.6667,-2.8536,6.132,0.09667,0.57333,-0.04667,-0.26333,150,145,0,0,801,688,0,2,0,0,after-wip-b
wolongchushan,wip,act1-bosses,greedy,1,add1,skip,300,True,True,9.3333,14.0,3.9091,23.6298,4.03667,6.29667,-0.74333,-0.94667,150,145,0,0,801,688,0,1,0,0,after-wip-b
wolongchushan,wip,act1-bosses,greedy,1,add2,skip,300,True,True,15.6667,20.0,10.4326,28.9086,8.55333,11.28,-1.32667,-1.54667,287,263,0,0,1438,1192,0,9,0,0,after-wip-b
wolongchushan,wip,act1-bosses,greedy,1,replace,liufulong,300,True,True,-1.0,2.0,-2.6224,6.5566,-1.13333,0.41,-0.05333,-0.28,150,145,0,0,801,688,0,1,0,0,after-wip-b
wolongchushan,wip,act1-bosses,tactical,0,add1,skip,300,True,True,29.3333,31.0,23.4257,37.5531,17.70667,24.55,-2.05667,-3.46667,313,313,0,0,323,315,0,10,0,0,after-wip-b
wolongchushan,wip,act1-bosses,tactical,0,add2,skip,300,True,True,35.6667,32.3333,24.9673,38.6343,28.40667,32.34333,-3.26667,-4.57333,597,591,0,0,689,644,0,23,0,0,after-wip-b
wolongchushan,wip,act1-bosses,tactical,0,replace,liufulong,300,True,True,-0.6667,3.3333,-0.6713,7.2282,-2.31667,4.22333,-0.08333,-1.15333,313,313,0,0,323,315,0,10,0,0,after-wip-b
wolongchushan,wip,act1-bosses,tactical,1,add1,skip,300,True,True,34.6667,32.0,24.6555,38.2904,24.48,28.22333,-3.17,-4.19333,313,312,0,0,322,316,0,10,0,0,after-wip-b
wolongchushan,wip,act1-bosses,tactical,1,add2,skip,300,True,True,36.0,32.3333,24.9673,38.6343,33.98,34.46667,-4.39,-5.22667,596,599,0,0,668,629,0,26,0,0,after-wip-b
wolongchushan,wip,act1-bosses,tactical,1,replace,liufulong,300,True,True,0.6667,1.0,-1.7955,3.7625,-3.51333,0.94,-0.06333,-0.81333,313,312,0,0,322,316,0,10,0,0,after-wip-b
wolongchushan,wip,tactics,greedy,0,add1,skip,300,True,True,10.0,12.0,3.0012,20.6035,4.89,7.99667,-0.53667,-0.94667,146,146,0,0,604,442,0,0,0,0,after-wip-b
wolongchushan,wip,tactics,greedy,0,add2,skip,300,True,True,14.3333,22.3333,13.3401,30.5909,7.36333,13.53667,-1.10333,-1.83333,338,334,0,0,1238,920,0,13,0,0,after-wip-b
wolongchushan,wip,tactics,greedy,0,replace,liufulong,300,True,True,-0.6667,1.3333,-3.5249,6.1476,-1.63,1.47667,0.08,-0.33,146,146,0,0,604,442,0,0,0,0,after-wip-b
wolongchushan,wip,tactics,greedy,1,add1,skip,300,True,True,12.0,13.3333,4.2853,21.9421,7.99667,9.69667,-0.94667,-1.16,146,146,0,0,604,442,0,0,0,0,after-wip-b
wolongchushan,wip,tactics,greedy,1,add2,skip,300,True,True,22.3333,24.3333,15.5119,32.3532,13.53667,16.74,-1.83333,-2.16667,334,331,0,0,1228,913,0,10,0,0,after-wip-b
wolongchushan,wip,tactics,greedy,1,replace,liufulong,300,True,True,-1.3333,0,-3.0212,3.0212,-2.05667,-0.35667,0.12667,-0.08667,146,146,0,0,604,442,0,0,0,0,after-wip-b
wolongchushan,wip,tactics,tactical,0,add1,skip,300,True,True,5.0,5.0,0.8387,8.9966,9.37667,13.75333,-1.8,-2.59333,300,300,0,0,304,300,0,11,0,0,after-wip-b
wolongchushan,wip,tactics,tactical,0,add2,skip,300,True,True,5.3333,5.3333,1.4459,9.0451,14.78,18.71333,-2.62333,-3.57333,593,598,0,0,657,610,0,21,0,0,after-wip-b
wolongchushan,wip,tactics,tactical,0,replace,liufulong,300,True,True,0.6667,0.6667,-1.9578,3.2692,-1.89,2.48667,0.14333,-0.65,300,300,0,0,304,300,0,11,0,0,after-wip-b
wolongchushan,wip,tactics,tactical,1,add1,skip,300,True,True,5.0,5.3333,1.4459,9.0451,13.75333,16.33667,-2.59333,-3.2,300,300,0,0,303,300,0,10,0,0,after-wip-b
wolongchushan,wip,tactics,tactical,1,add2,skip,300,True,True,5.3333,5.3333,1.4459,9.0451,18.71333,21.49333,-3.57333,-4.14667,598,598,0,0,646,603,0,15,0,0,after-wip-b
wolongchushan,wip,tactics,tactical,1,replace,liufulong,300,True,True,0,0.3333,-1.5986,2.2543,-4.43333,-1.85,0.17667,-0.43,300,300,0,0,303,300,0,10,0,0,after-wip-b
qiaoshe,wip,starter-single-group,greedy,0,add1,skip,300,True,True,0,0,-1.647,1.647,-0.75667,0.92667,0.00333,-0.23667,446,300,0,0,300,300,0,144,0,0,after-wip-b
qiaoshe,wip,starter-single-group,greedy,0,add2,skip,300,True,True,0,0,-1.647,1.647,-2.44667,0.77,0.02667,-0.34,881,588,0,0,600,600,0,384,0,0,after-wip-b
qiaoshe,wip,starter-single-group,greedy,0,replace,lijianji,300,True,True,0,0,-1.647,1.647,-3.34333,-1.66,0,-0.24,446,300,0,0,300,300,0,144,0,0,after-wip-b
qiaoshe,wip,starter-single-group,greedy,1,add1,skip,300,True,True,0,0,-1.647,1.647,-0.29,1.68,-0.21,-0.51,420,300,0,0,300,300,0,144,0,0,after-wip-b
qiaoshe,wip,starter-single-group,greedy,1,add2,skip,300,True,True,0,0,-1.647,1.647,-1.92333,1.29667,-0.09333,-0.64,854,579,0,0,600,600,0,375,0,0,after-wip-b
qiaoshe,wip,starter-single-group,greedy,1,replace,lijianji,300,True,True,0,0,-1.647,1.647,-3.25,-1.28,0,-0.3,420,300,0,0,300,300,0,144,0,0,after-wip-b
qiaoshe,wip,starter-single-group,tactical,0,add1,skip,300,True,True,0,0,-1.647,1.647,-1.75,0.23667,-0.07667,-0.3,314,270,0,0,338,338,0,280,0,0,after-wip-b
qiaoshe,wip,starter-single-group,tactical,0,add2,skip,300,True,True,0,0,-1.647,1.647,-3.74667,-0.59333,0.21,-0.12667,439,424,0,0,786,786,0,476,0,0,after-wip-b
qiaoshe,wip,starter-single-group,tactical,0,replace,lijianji,300,True,True,0,0,-1.647,1.647,-4.61333,-2.62667,0.17667,-0.04667,314,270,0,0,338,338,0,280,0,0,after-wip-b
qiaoshe,wip,starter-single-group,tactical,1,add1,skip,300,True,True,0,0,-1.647,1.647,-1.62333,0.71667,-0.16333,-0.39667,280,270,0,0,338,338,0,280,0,0,after-wip-b
qiaoshe,wip,starter-single-group,tactical,1,add2,skip,300,True,True,0,0,-1.647,1.647,-3.21667,-0.22333,0.09333,-0.34667,358,378,0,0,795,795,0,434,0,0,after-wip-b
qiaoshe,wip,starter-single-group,tactical,1,replace,lijianji,300,True,True,0,0,-1.647,1.647,-4.84333,-2.50333,0.14667,-0.08667,280,270,0,0,338,338,0,280,0,0,after-wip-b
qiaoshe,wip,tactics,greedy,0,add1,skip,300,True,True,0,5.3333,-4.1065,14.5975,-1.02,1.93333,-0.24333,-0.4,546,268,0,0,300,300,0,85,0,0,after-wip-b
qiaoshe,wip,tactics,greedy,0,add2,skip,300,True,True,-4.0,9.6667,0.1406,18.8744,-3.95333,4.47,-0.52333,-0.67333,1108,557,0,0,600,600,0,208,0,0,after-wip-b
qiaoshe,wip,tactics,greedy,0,replace,lijianji,300,True,True,-11.3333,-6.0,-13.835,2.0326,-6.65,-3.69667,-0.28,-0.43667,546,268,0,0,300,300,0,85,0,0,after-wip-b
qiaoshe,wip,tactics,greedy,1,add1,skip,300,True,True,5.3333,10.3333,1.1558,19.1705,0.74,3.63667,-0.40667,-0.6,540,268,0,0,300,300,0,85,0,0,after-wip-b
qiaoshe,wip,tactics,greedy,1,add2,skip,300,True,True,-4.3333,15.0,6.1653,23.3405,-3.12,7.91667,-0.76,-1.04333,1092,557,0,0,600,600,0,208,0,0,after-wip-b
qiaoshe,wip,tactics,greedy,1,replace,lijianji,300,True,True,-11.6667,-6.6667,-14.684,1.5703,-8.93333,-6.03667,-0.22333,-0.41667,540,268,0,0,300,300,0,85,0,0,after-wip-b
qiaoshe,wip,tactics,tactical,0,add1,skip,300,True,True,-2.6667,-0.3333,-6.0295,5.3738,-4.76667,0.38,0.14,-0.37667,254,289,0,0,377,377,0,282,0,0,after-wip-b
qiaoshe,wip,tactics,tactical,0,add2,skip,300,True,True,-10.0,-2.0,-7.8937,3.9595,-10.09,-3.03667,0.61667,-0.09333,444,566,0,0,933,933,0,687,0,0,after-wip-b
qiaoshe,wip,tactics,tactical,0,replace,lijianji,300,True,True,-5.0,-2.6667,-7.8085,2.563,-8.50333,-3.35667,0.23,-0.28667,254,289,0,0,377,377,0,282,0,0,after-wip-b
qiaoshe,wip,tactics,tactical,1,add1,skip,300,True,True,-2.3333,0.3333,-5.3738,6.0295,-5.12333,1.59,0.09667,-0.58,302,294,0,0,382,382,0,287,0,0,after-wip-b
qiaoshe,wip,tactics,tactical,1,add2,skip,300,True,True,-13.3333,-0.6667,-6.4398,5.1284,-12.5,-1.85333,0.70667,-0.31,419,567,0,0,978,978,0,697,0,0,after-wip-b
qiaoshe,wip,tactics,tactical,1,replace,lijianji,300,True,True,-4.3333,-1.6667,-6.3562,3.0777,-10.30333,-3.59,0.35667,-0.32,302,294,0,0,382,382,0,287,0,0,after-wip-b
huoshaotengjia,wip,act1-bosses,greedy,0,add1,skip,300,True,True,0,4.0,-5.276,13.1443,1.00333,2.36,-0.61,-0.67333,312,312,133,136,384,313,0,1,0,0,after-wip-b
huoshaotengjia,wip,act1-bosses,greedy,0,add2,skip,300,True,True,11.0,15.6667,6.3869,24.4304,5.15,7.81333,-1.38667,-1.61333,599,595,327,330,785,599,0,4,0,0,after-wip-b
huoshaotengjia,wip,act1-bosses,greedy,0,replace,fenju,300,True,True,-10.0,-9.6667,-17.8802,-1.1347,-1.47333,-1.05667,0.83333,0.75333,312,312,133,136,384,313,0,1,0,0,after-wip-b
huoshaotengjia,wip,act1-bosses,greedy,1,add1,skip,300,True,True,2.3333,6.3333,-2.8123,15.2704,1.88333,3.52,-0.73667,-0.9,312,312,132,135,384,313,0,1,0,0,after-wip-b
huoshaotengjia,wip,act1-bosses,greedy,1,add2,skip,300,True,True,14.0,23.6667,14.2722,32.2815,7.22,11.93,-1.57,-2.12667,595,594,323,329,788,598,0,4,0,0,after-wip-b
huoshaotengjia,wip,act1-bosses,greedy,1,replace,fenju,300,True,True,-18.6667,-15.6667,-23.405,-7.4122,-3.72333,-2.55667,1.10667,0.92333,312,312,132,135,384,313,0,1,0,0,after-wip-b
huoshaotengjia,wip,act1-bosses,tactical,0,add1,skip,300,True,True,5.3333,8.0,0.011,15.7255,2.09333,3.24333,-0.26333,-0.66667,312,312,129,135,325,320,0,33,0,0,after-wip-b
huoshaotengjia,wip,act1-bosses,tactical,0,add2,skip,300,True,True,12.6667,13.6667,6.4553,20.4278,6.67,9.33667,-1.08333,-1.78667,606,601,333,337,692,651,0,65,0,0,after-wip-b
huoshaotengjia,wip,act1-bosses,tactical,0,replace,fenju,300,True,True,-10.3333,-6.6667,-13.3426,0.2289,-4.20667,-2.95333,1.04333,0.88,312,312,129,135,325,320,0,33,0,0,after-wip-b
huoshaotengjia,wip,act1-bosses,tactical,1,add1,skip,300,True,True,6.3333,10.6667,2.7768,18.2052,3.18667,5.39667,-0.34,-0.86,313,312,126,132,322,317,0,35,0,0,after-wip-b
huoshaotengjia,wip,act1-bosses,tactical,1,add2,skip,300,True,True,13.3333,20.3333,13.2092,26.7877,8.89,14.24667,-1.48667,-2.44667,606,602,327,333,685,646,0,68,0,0,after-wip-b
huoshaotengjia,wip,act1-bosses,tactical,1,replace,fenju,300,True,True,-15.3333,-10.6667,-17.6949,-3.2871,-8.70333,-6.55667,1.73667,1.41333,313,312,126,132,322,317,0,35,0,0,after-wip-b
huoshaotengjia,wip,tactics,greedy,0,add1,skip,300,True,True,3.3333,5.6667,-3.8126,14.9593,0.76667,1.79333,-0.5,-0.72,290,290,159,159,420,290,0,9,0,0,after-wip-b
huoshaotengjia,wip,tactics,greedy,0,add2,skip,300,True,True,5.3333,11.6667,2.4325,20.5165,2.61667,5.75667,-1.26333,-1.7,588,588,373,373,808,589,0,14,0,0,after-wip-b
huoshaotengjia,wip,tactics,greedy,0,replace,fenju,300,True,True,-7.6667,-5.3333,-13.4123,2.9213,-1.62,-0.59333,1.01333,0.79333,290,290,159,159,420,290,0,9,0,0,after-wip-b
huoshaotengjia,wip,tactics,greedy,1,add1,skip,300,True,True,5.0,7.0,-2.6314,16.4008,1.68,3.26,-0.69333,-0.93667,290,290,159,159,420,290,0,9,0,0,after-wip-b
huoshaotengjia,wip,tactics,greedy,1,add2,skip,300,True,True,10.6667,19.0,10.2957,27.0784,4.93333,10.08667,-1.60333,-2.23333,588,588,373,373,808,588,0,14,0,0,after-wip-b
huoshaotengjia,wip,tactics,greedy,1,replace,fenju,300,True,True,-14.3333,-12.3333,-19.9115,-4.3489,-5.59333,-4.01333,1.38667,1.14333,290,290,159,159,420,290,0,9,0,0,after-wip-b
huoshaotengjia,wip,tactics,tactical,0,add1,skip,300,False,False,,,,,,,,,300,300,196,196,307,301,0,42,1,1,after-wip-b
huoshaotengjia,wip,tactics,tactical,0,add2,skip,300,True,True,1.0,1.6667,-3.6829,6.9614,3.14667,4.73667,-1.20333,-1.64333,599,599,406,407,631,612,0,81,0,0,after-wip-b
huoshaotengjia,wip,tactics,tactical,0,replace,fenju,300,False,False,,,,,,,,,300,300,196,196,307,301,0,42,1,1,after-wip-b
huoshaotengjia,wip,tactics,tactical,1,add1,skip,300,True,True,2.0,2.0,-2.8425,6.7766,1.29,2.98,-0.59667,-0.97,300,300,186,186,305,300,0,45,0,0,after-wip-b
huoshaotengjia,wip,tactics,tactical,1,add2,skip,300,True,True,1.6667,4.3333,0.0452,8.4788,4.64,8.67667,-1.52,-2.21,599,599,392,392,624,605,0,78,0,0,after-wip-b
huoshaotengjia,wip,tactics,tactical,1,replace,fenju,300,True,True,-3.0,-3.0,-6.0962,0.195,-4.83667,-3.14667,1.70333,1.33,300,300,186,186,305,300,0,45,0,0,after-wip-b
